contractSymbol,lastTradeDate,strike,lastPrice,bid,ask,change,percentChange,volume,openInterest,impliedVolatility,inTheMoney,contractSize,currency,type,expiration,moneyness,days_to_expiration,T,bs_price,pricing_error,vg_price,nig_price,vg_error,nig_error
AAPL250314C00100000,2025-03-05 14:42:20+00:00,100.0,133.96,127.35,129.05,0.0,0.0,1.0,0,3.7060554223632813,True,REGULAR,USD,call,2025-03-14,0.4394831677946735,4,0.010958904109589041,127.94161919691953,6.0183808030804755,,,,
AAPL250314C00120000,2025-02-26 18:24:10+00:00,120.0,120.95,107.4,108.8,0.0,0.0,11.0,7,2.8847684130859372,True,REGULAR,USD,call,2025-03-14,0.5273798013536082,4,0.010958904109589041,107.90140978110432,13.048590218895683,,,,
AAPL250314C00130000,2025-03-10 14:22:57+00:00,130.0,96.75,97.4,98.85,-7.9000015,-7.548974,2.0,1,2.582034794921875,True,REGULAR,USD,call,2025-03-14,0.5713281181330755,4,0.010958904109589041,97.92571251488556,-1.1757125148855607,,,,
AAPL250314C00140000,2025-03-10 14:22:57+00:00,140.0,88.89,87.4,89.1,-11.709999,-11.640158,8.0,42,2.355472861328124,True,REGULAR,USD,call,2025-03-14,0.6152764349125429,4,0.010958904109589041,88.00955727148798,0.8804427285120227,,,,
AAPL250314C00145000,2025-03-10 14:07:06+00:00,145.0,84.85,82.4,83.8,-4.1800003,-4.695047,5.0,4,2.1220750073242183,True,REGULAR,USD,call,2025-03-14,0.6372505933022765,4,0.010958904109589041,82.92543744115443,1.9245625588455653,,,,
AAPL250314C00150000,2025-03-10 14:46:17+00:00,150.0,78.17,77.4,79.1,-9.360001,-10.693478,4.0,23,2.0664110839843746,True,REGULAR,USD,call,2025-03-14,0.6592247516920102,4,0.010958904109589041,78.02207458427006,0.14792541572994367,,,,
AAPL250314C00155000,2025-03-10 14:46:17+00:00,155.0,73.18,72.4,74.25,-11.839996,-13.926131,4.0,7,1.962890810546875,True,REGULAR,USD,call,2025-03-14,0.6811989100817439,4,0.010958904109589041,73.07463594590496,0.10536405409504823,,,,
AAPL250314C00160000,2025-03-10 14:38:59+00:00,160.0,69.36,67.25,67.65,-6.8399963,-8.976374,3.0,4,1.3925811621093749,True,REGULAR,USD,call,2025-03-14,0.7031730684714775,4,0.010958904109589041,67.69016256175277,1.669837438247228,,,,
AAPL250314C00165000,2025-03-06 16:40:57+00:00,165.0,71.25,62.45,63.85,0.0,0.0,4.0,4,1.615236298828125,True,REGULAR,USD,call,2025-03-14,0.7251472268612112,4,0.010958904109589041,62.979114535646005,8.270885464353995,,,,
AAPL250314C00170000,2025-03-10 14:38:59+00:00,170.0,59.35,57.45,59.15,-7.3700027,-11.046166,3.0,17,1.5517600537109373,True,REGULAR,USD,call,2025-03-14,0.747121385250945,4,0.010958904109589041,58.08134615316996,1.2686538468300412,,,,
AAPL250314C00175000,2025-03-10 13:49:51+00:00,175.0,52.45,52.45,54.3,-11.450001,-17.918625,5.0,49,1.451174619140625,True,REGULAR,USD,call,2025-03-14,0.7690955436406786,4,0.010958904109589041,53.138333082508495,-0.6883330825084926,,,,
AAPL250314C00180000,2025-03-10 14:13:13+00:00,180.0,50.2,47.5,48.95,-10.399998,-17.161713,6.0,161,1.2714880175781247,True,REGULAR,USD,call,2025-03-14,0.7910697020304123,4,0.010958904109589041,48.04823381008865,2.1517661899113563,,,,
AAPL250314C00185000,2025-03-10 13:49:51+00:00,185.0,39.67,42.55,43.95,-14.730003,-27.077211,13.0,79,1.1586956127929686,True,REGULAR,USD,call,2025-03-14,0.813043860420146,4,0.010958904109589041,43.07424132209596,-3.404241322095956,,,,
AAPL250314C00190000,2025-03-10 18:47:43+00:00,190.0,36.26,37.55,38.85,-12.560001,-25.727163,94.0,104,1.0219775463867187,True,REGULAR,USD,call,2025-03-14,0.8350180188098796,4,0.010958904109589041,38.05005303738599,-1.790053037385995,,,,
AAPL250314C00195000,2025-03-10 14:56:15+00:00,195.0,30.3,32.6,34.4,-14.049999,-31.679817,4.0,63,0.98437515625,True,REGULAR,USD,call,2025-03-14,0.8569921771996133,4,0.010958904109589041,33.268072683236056,-2.9680726832360556,,,,
AAPL250314C00200000,2025-03-10 19:32:34+00:00,200.0,27.85,27.7,28.3,-10.690001,-27.737415,2679.0,205,0.72851833984375,True,REGULAR,USD,call,2025-03-14,0.878966335589347,4,0.010958904109589041,27.937310783612475,-0.08731078361247313,,,,
AAPL250314C00202500,2025-03-10 19:50:00+00:00,202.5,25.2,25.2,26.7,-11.149998,-30.673998,2.0,4,0.7861349511718749,True,REGULAR,USD,call,2025-03-14,0.8899534147842137,4,0.010958904109589041,25.755423575679004,-0.5554235756790042,,,,
AAPL250314C00205000,2025-03-10 19:48:01+00:00,205.0,22.9,21.6,23.9,-11.390001,-33.216682,31.0,124,0.534184345703125,True,REGULAR,USD,call,2025-03-14,0.9009404939790806,4,0.010958904109589041,22.783704938361694,0.11629506163830428,,,,
AAPL250314C00207500,2025-03-10 19:10:28+00:00,207.5,20.6,20.35,21.15,-11.299999,-35.423195,41.0,16,0.6201209863281252,True,REGULAR,USD,call,2025-03-14,0.9119275731739475,4,0.010958904109589041,20.628388610825937,-0.028388610825935245,,,,
AAPL250314C00210000,2025-03-10 19:38:36+00:00,210.0,18.25,18.0,18.75,-10.5,-36.52174,3666.0,413,0.5847209497070311,True,REGULAR,USD,call,2025-03-14,0.9229146523688143,4,0.010958904109589041,18.228722271014078,0.02127772898592184,,,,
AAPL250314C00212500,2025-03-10 18:55:20+00:00,212.5,15.7,15.7,16.05,-11.500001,-42.279415,67.0,18,0.5219774365234374,True,REGULAR,USD,call,2025-03-14,0.9339017315636812,4,0.010958904109589041,15.73909997565957,-0.03909997565957113,,,,
AAPL250314C00215000,2025-03-10 19:35:34+00:00,215.0,13.8,13.45,13.8,-10.749999,-43.788185,404.0,88,0.5251512329101562,True,REGULAR,USD,call,2025-03-14,0.944888810758548,4,0.010958904109589041,13.583548359353358,0.21645164064664257,,,,
AAPL250314C00217500,2025-03-10 19:55:46+00:00,217.5,11.37,11.3,11.85,-11.179999,-49.57871,416.0,91,0.5268602001953125,True,REGULAR,USD,call,2025-03-14,0.9558758899534148,4,0.010958904109589041,11.55223557450742,-0.18223557450742156,,,,
AAPL250314C00220000,2025-03-10 19:56:53+00:00,220.0,9.55,9.4,9.6,-9.8,-50.645992,6790.0,613,0.47803256347656253,True,REGULAR,USD,call,2025-03-14,0.9668629691482816,4,0.010958904109589041,9.293390159291164,0.25660984070883686,,,,
AAPL250314C00222500,2025-03-10 19:59:58+00:00,222.5,7.65,7.65,7.8,-9.85,-56.285717,1477.0,770,0.467778759765625,True,REGULAR,USD,call,2025-03-14,0.9778500483431485,4,0.010958904109589041,7.440811493877078,0.2091885061229224,,,,
AAPL250314C00225000,2025-03-10 19:59:55+00:00,225.0,6.0,5.9,6.1,-9.15,-60.396038,10177.0,1186,0.45044494873046875,True,REGULAR,USD,call,2025-03-14,0.9888371275380153,4,0.010958904109589041,5.711326559103156,0.28867344089684366,,,,
AAPL250314C00227500,2025-03-10 19:59:58+00:00,227.5,4.5,4.5,4.65,-8.39,-65.08922,14755.0,485,0.4387263159179688,False,REGULAR,USD,call,2025-03-14,0.9998242067328822,4,0.010958904109589041,4.243890189894657,0.25610981010534317,,,,
AAPL250314C00230000,2025-03-10 19:59:59+00:00,230.0,3.3,3.25,3.35,-7.42,-69.216415,43177.0,1837,0.4211483666992188,False,REGULAR,USD,call,2025-03-14,1.010811285927749,4,0.010958904109589041,2.9575118373287097,0.3424881626712901,,,,
AAPL250314C00232500,2025-03-10 19:59:56+00:00,232.5,2.32,2.26,2.32,-6.2700005,-72.99186,24032.0,1498,0.40796490478515623,False,REGULAR,USD,call,2025-03-14,1.021798365122616,4,0.010958904109589041,1.962403097596436,0.3575969024035639,,,,
AAPL250314C00235000,2025-03-10 19:59:59+00:00,235.0,1.54,1.5,1.55,-5.26,-77.352936,47788.0,3155,0.3986876538085938,False,REGULAR,USD,call,2025-03-14,1.0327854443174826,4,0.010958904109589041,1.2413160825681189,0.29868391743188116,,,,
AAPL250314C00237500,2025-03-10 19:59:57+00:00,237.5,0.97,0.95,0.99,-4.08,-80.792076,16961.0,6097,0.39111937011718745,False,REGULAR,USD,call,2025-03-14,1.0437725235123496,4,0.010958904109589041,0.7422780209865891,0.22772197901341085,,,,
AAPL250314C00240000,2025-03-10 19:59:57+00:00,240.0,0.61,0.58,0.61,-2.8899999,-82.57143,36868.0,9851,0.38623660644531244,False,REGULAR,USD,call,2025-03-14,1.0547596027072164,4,0.010958904109589041,0.42424053589830635,0.18575946410169364,,,,
AAPL250314C00242500,2025-03-10 19:59:52+00:00,242.5,0.35,0.35,0.37,-2.02,-85.23207,13644.0,3625,0.3842835009765625,False,REGULAR,USD,call,2025-03-14,1.065746681902083,4,0.010958904109589041,0.23523031479554213,0.11476968520445785,,,,
AAPL250314C00245000,2025-03-10 19:59:49+00:00,245.0,0.21,0.2,0.22,-1.3,-86.09271,13417.0,9947,0.38477177734374995,False,REGULAR,USD,call,2025-03-14,1.07673376109695,4,0.010958904109589041,0.12797876497292648,0.08202123502707351,,,,
AAPL250314C00247500,2025-03-10 19:59:39+00:00,247.5,0.11,0.11,0.15,-0.78999996,-87.77778,14071.0,8826,0.39649041015625003,False,REGULAR,USD,call,2025-03-14,1.0877208402918168,4,0.010958904109589041,0.08052791189478192,0.029472088105218078,,,,
AAPL250314C00250000,2025-03-10 19:58:15+00:00,250.0,0.07,0.07,0.09,-0.45999998,-86.79245,8976.0,13117,0.39942006835937505,False,REGULAR,USD,call,2025-03-14,1.0987079194866838,4,0.010958904109589041,0.04350630956945212,0.02649369043054789,,,,
AAPL250314C00252500,2025-03-10 19:54:34+00:00,252.5,0.04,0.03,0.05,-0.26000002,-86.66667,6144.0,6419,0.398443515625,False,REGULAR,USD,call,2025-03-14,1.1096949986815505,4,0.010958904109589041,0.021072337603019742,0.01892766239698026,,,,
AAPL250314C00255000,2025-03-10 19:52:06+00:00,255.0,0.02,0.02,0.03,-0.14,-87.5,6398.0,9734,0.4062559375,False,REGULAR,USD,call,2025-03-14,1.1206820778764173,4,0.010958904109589041,0.012068278036205249,0.007931721963794752,,,,
AAPL250314C00257500,2025-03-10 19:29:47+00:00,257.5,0.01,0.01,0.02,-0.09,-90.0,1609.0,5680,0.414068359375,False,REGULAR,USD,call,2025-03-14,1.1316691570712842,4,0.010958904109589041,0.006921897762468321,0.0030781022375316793,,,,
AAPL250314C00260000,2025-03-10 19:57:52+00:00,260.0,0.01,0.0,0.01,-0.04,-80.00001,1650.0,7464,0.414068359375,False,REGULAR,USD,call,2025-03-14,1.142656236266151,4,0.010958904109589041,0.0031938417162127863,0.006806158283787214,,,,
AAPL250314C00262500,2025-03-10 18:19:37+00:00,262.5,0.01,0.0,0.01,-0.02,-66.66667,366.0,1638,0.437505625,False,REGULAR,USD,call,2025-03-14,1.153643315461018,4,0.010958904109589041,0.002885076104965717,0.007114923895034283,,,,
AAPL250314C00265000,2025-03-10 18:27:01+00:00,265.0,0.01,0.0,0.01,-0.02,-66.66667,389.0,2898,0.4687553125,False,REGULAR,USD,call,2025-03-14,1.1646303946558847,4,0.010958904109589041,0.003269188608662349,0.006730811391337651,,,,
AAPL250314C00267500,2025-03-10 13:31:24+00:00,267.5,0.01,0.0,0.01,-0.01,-50.0,4.0,1135,0.49219257812500006,False,REGULAR,USD,call,2025-03-14,1.1756174738507517,4,0.010958904109589041,0.0030389312210644948,0.0069610687789355054,,,,
AAPL250314C00270000,2025-03-10 19:00:20+00:00,270.0,0.01,0.0,0.01,0.0,0.0,46.0,2733,0.51562984375,False,REGULAR,USD,call,2025-03-14,1.1866045530456184,4,0.010958904109589041,0.002865286000903744,0.007134713999096256,,,,
AAPL250314C00272500,2025-03-07 19:35:48+00:00,272.5,0.01,0.0,0.01,0.0,0.0,84.0,98,0.500005,False,REGULAR,USD,call,2025-03-14,1.1975916322404851,4,0.010958904109589041,0.0009831317268018114,0.009016868273198189,,,,
AAPL250314C00275000,2025-03-10 15:02:34+00:00,275.0,0.01,0.0,0.01,0.0,0.0,1027.0,915,0.5312546875,False,REGULAR,USD,call,2025-03-14,1.2085787114353521,4,0.010958904109589041,0.0012164399866555903,0.00878356001334441,,,,
AAPL250314C00280000,2025-03-07 20:18:44+00:00,280.0,0.01,0.0,0.01,0.0,0.0,10.0,943,0.57812921875,False,REGULAR,USD,call,2025-03-14,1.2305528698250858,4,0.010958904109589041,0.0012247666436623755,0.008775233356337625,,,,
AAPL250314C00285000,2025-03-07 17:07:21+00:00,285.0,0.01,0.0,0.01,0.0,0.0,1.0,132,0.6250037500000001,False,REGULAR,USD,call,2025-03-14,1.2525270282148193,4,0.010958904109589041,0.0012643706135113397,0.00873562938648866,,,,
AAPL250314C00290000,2025-03-07 17:58:37+00:00,290.0,0.01,0.0,0.01,0.0,0.0,12.0,258,0.6562534375000001,False,REGULAR,USD,call,2025-03-14,1.274501186604553,4,0.010958904109589041,0.0009390795681027617,0.009060920431897239,,,,
AAPL250314C00295000,2025-03-06 15:49:25+00:00,295.0,0.01,0.0,0.01,0.0,0.0,1.0,146,0.70312796875,False,REGULAR,USD,call,2025-03-14,1.2964753449942867,4,0.010958904109589041,0.0010255411990028815,0.008974458800997119,,,,
AAPL250314C00300000,2025-03-07 18:55:01+00:00,300.0,0.01,0.0,0.01,0.0,0.0,1.0,170,0.7500025,False,REGULAR,USD,call,2025-03-14,1.3184495033840204,4,0.010958904109589041,0.00112972308179482,0.00887027691820518,,,,
AAPL250314C00305000,2025-03-04 14:43:45+00:00,305.0,0.01,0.0,0.01,0.0,0.0,3.0,188,0.7812521875,False,REGULAR,USD,call,2025-03-14,1.3404236617737542,4,0.010958904109589041,0.0009266050087682332,0.009073394991231767,,,,
AAPL250314C00310000,2025-03-07 19:00:44+00:00,310.0,0.01,0.0,0.01,0.0,0.0,4.0,129,0.8281267187499999,False,REGULAR,USD,call,2025-03-14,1.3623978201634879,4,0.010958904109589041,0.0010514181077028381,0.008948581892297162,,,,
AAPL250314C00315000,2025-03-07 14:30:00+00:00,315.0,0.01,0.0,0.01,0.0,0.0,1.0,2,0.87500125,False,REGULAR,USD,call,2025-03-14,1.3843719785532214,4,0.010958904109589041,0.001194799189104083,0.008805200810895917,,,,
AAPL250314C00325000,2025-02-25 16:34:45+00:00,325.0,0.01,0.0,0.01,0.0,0.0,2.0,16,0.937500625,False,REGULAR,USD,call,2025-03-14,1.4283202953326888,4,0.010958904109589041,0.000931949366971066,0.009068050633028934,,,,
AAPL250314C00330000,2025-03-04 14:30:03+00:00,330.0,0.01,0.0,0.01,-0.01,-50.0,1.0,504,0.9687503125,False,REGULAR,USD,call,2025-03-14,1.4502944537224225,4,0.010958904109589041,0.0008454478304979612,0.009154552169502039,,,,
AAPL250314P00100000,2025-03-07 14:48:03+00:00,100.0,0.01,0.0,0.01,0.0,0.0,100.0,1215,2.1250046874999997,False,REGULAR,USD,put,2025-03-14,0.4394831677946735,4,0.010958904109589041,0.0008718720299559606,0.00912812797004404,,,,
AAPL250314P00110000,2025-02-21 14:40:57+00:00,110.0,0.01,0.0,0.01,0.0,0.0,1.0,4,1.875000625,False,REGULAR,USD,put,2025-03-14,0.4834314845741408,4,0.010958904109589041,0.0007830001296078894,0.00921699987039211,,,,
AAPL250314P00120000,2025-03-10 19:11:45+00:00,120.0,0.01,0.0,0.01,0.0,0.0,1.0,26,1.6875015625,False,REGULAR,USD,put,2025-03-14,0.5273798013536082,4,0.010958904109589041,0.001028318980799671,0.00897168101920033,,,,
AAPL250314P00130000,2025-03-10 13:45:31+00:00,130.0,0.02,0.0,0.01,0.01,100.0,1.0,1441,1.5000025,False,REGULAR,USD,put,2025-03-14,0.5713281181330755,4,0.010958904109589041,0.0011986322309127904,0.01880136776908721,,,,
AAPL250314P00140000,2025-03-10 19:17:51+00:00,140.0,0.01,0.0,0.02,0.0,0.0,3.0,1088,1.3750031249999999,False,REGULAR,USD,put,2025-03-14,0.6152764349125429,4,0.010958904109589041,0.0024223439626954585,0.007577656037304542,,,,
AAPL250314P00145000,2025-03-10 18:40:11+00:00,145.0,0.01,0.0,0.03,0.0,0.0,2.0,1952,1.3281283593749997,False,REGULAR,USD,put,2025-03-14,0.6372505933022765,4,0.010958904109589041,0.003954955246715797,0.0060450447532842035,,,,
AAPL250314P00150000,2025-03-10 19:46:34+00:00,150.0,0.02,0.0,0.02,0.0,0.0,41.0,2193,1.1875040625,False,REGULAR,USD,put,2025-03-14,0.6592247516920102,4,0.010958904109589041,0.00235585214618049,0.01764414785381951,,,,
AAPL250314P00155000,2025-03-10 18:39:33+00:00,155.0,0.02,0.01,0.04,-0.01,-33.333336,1092.0,1502,1.203128984375,False,REGULAR,USD,put,2025-03-14,0.6811989100817439,4,0.010958904109589041,0.007499357534454687,0.012500642465545313,,,,
AAPL250314P00160000,2025-03-10 19:46:48+00:00,160.0,0.03,0.01,0.03,0.0,0.0,1453.0,1560,1.0859420703125,False,REGULAR,USD,put,2025-03-14,0.7031730684714775,4,0.010958904109589041,0.00574462650757776,0.02425537349242224,,,,
AAPL250314P00165000,2025-03-10 19:57:25+00:00,165.0,0.04,0.02,0.04,0.01,33.333336,714.0,553,1.0390673046875003,False,REGULAR,USD,put,2025-03-14,0.7251472268612112,4,0.010958904109589041,0.009285674246651054,0.030714325753348946,,,,
AAPL250314P00170000,2025-03-10 19:58:16+00:00,170.0,0.05,0.01,0.05,0.020000001,66.66668,1401.0,1236,0.9531254687499999,False,REGULAR,USD,put,2025-03-14,0.747121385250945,4,0.010958904109589041,0.009679565848038918,0.040320434151961085,,,,
AAPL250314P00175000,2025-03-10 19:25:42+00:00,175.0,0.06,0.01,0.06,0.04,200.0,971.0,1247,0.8789074609374999,False,REGULAR,USD,put,2025-03-14,0.7690955436406786,4,0.010958904109589041,0.011439856797933579,0.04856014320206642,,,,
AAPL250314P00180000,2025-03-10 19:58:30+00:00,180.0,0.07,0.07,0.08,0.030000001,75.0,4344.0,2607,0.86914193359375,False,REGULAR,USD,put,2025-03-14,0.7910697020304123,4,0.010958904109589041,0.028572612247444673,0.041427387752555334,,,,
AAPL250314P00185000,2025-03-10 19:57:28+00:00,185.0,0.1,0.08,0.18,0.05,100.0,5636.0,4783,0.8398453515625,False,REGULAR,USD,put,2025-03-14,0.813043860420146,4,0.010958904109589041,0.055311316102238495,0.04468868389776151,,,,
AAPL250314P00190000,2025-03-10 19:54:08+00:00,190.0,0.12,0.12,0.13,0.06999999,139.99997,5307.0,3626,0.7421900781249999,False,REGULAR,USD,put,2025-03-14,0.8350180188098796,4,0.010958904109589041,0.054598335870942094,0.0654016641290579,,,,
AAPL250314P00195000,2025-03-10 19:55:55+00:00,195.0,0.16,0.15,0.17,0.06999999,77.77776,3016.0,2805,0.6738313867187502,False,REGULAR,USD,put,2025-03-14,0.8569921771996133,4,0.010958904109589041,0.07364484959698814,0.08635515040301187,,,,
AAPL250314P00200000,2025-03-10 19:59:37+00:00,200.0,0.23,0.22,0.26,0.13,129.99998,13196.0,2758,0.622074091796875,False,REGULAR,USD,put,2025-03-14,0.878966335589347,4,0.010958904109589041,0.12152147781460965,0.10847852218539036,,,,
AAPL250314P00202500,2025-03-10 19:58:29+00:00,202.5,0.27,0.26,0.28,0.16000001,145.45456,1633.0,692,0.584965087890625,False,REGULAR,USD,put,2025-03-14,0.8899534147842137,4,0.010958904109589041,0.1407878334233681,0.12921216657663193,,,,
AAPL250314P00205000,2025-03-10 19:54:33+00:00,205.0,0.33,0.31,0.34,0.20000002,153.84618,7802.0,3376,0.5551802294921876,False,REGULAR,USD,put,2025-03-14,0.9009404939790806,4,0.010958904109589041,0.1775814753442706,0.15241852465572941,,,,
AAPL250314P00207500,2025-03-10 19:59:44+00:00,207.5,0.43,0.4,0.42,0.27,168.75002,4772.0,1540,0.5297898583984376,False,REGULAR,USD,put,2025-03-14,0.9119275731739475,4,0.010958904109589041,0.23619036840180563,0.19380963159819437,,,,
AAPL250314P00210000,2025-03-10 19:58:52+00:00,210.0,0.55,0.52,0.54,0.38,223.52939,10896.0,4488,0.5063525927734375,False,REGULAR,USD,put,2025-03-14,0.9229146523688143,4,0.010958904109589041,0.3222674705635544,0.22773252943644562,,,,
AAPL250314P00212500,2025-03-10 19:58:32+00:00,212.5,0.75,0.69,0.72,0.55,275.00003,5230.0,640,0.48901878173828134,False,REGULAR,USD,put,2025-03-14,0.9339017315636812,4,0.010958904109589041,0.4647125081417727,0.2852874918582273,,,,
AAPL250314P00215000,2025-03-10 19:59:32+00:00,215.0,0.99,0.94,0.98,0.75,312.5,13303.0,2699,0.4726615234375,False,REGULAR,USD,put,2025-03-14,0.944888810758548,4,0.010958904109589041,0.6716955728338263,0.3183044271661737,,,,
AAPL250314P00217500,2025-03-10 19:59:44+00:00,217.5,1.39,1.3,1.35,1.1,379.3104,10422.0,1443,0.45898978515625005,False,REGULAR,USD,put,2025-03-14,0.9558758899534148,4,0.010958904109589041,0.97924587626391,0.4107541237360899,,,,
AAPL250314P00220000,2025-03-10 19:59:56+00:00,220.0,1.85,1.8,1.85,1.49,413.8889,30323.0,9900,0.4467828759765625,False,REGULAR,USD,put,2025-03-14,0.9668629691482816,4,0.010958904109589041,1.4175685844507555,0.4324314155492446,,,,
AAPL250314P00222500,2025-03-10 19:58:20+00:00,222.5,2.55,2.45,2.51,2.08,442.55316,14991.0,3452,0.43555251953125,False,REGULAR,USD,put,2025-03-14,0.9778500483431485,4,0.010958904109589041,2.0219540234253515,0.5280459765746484,,,,
AAPL250314P00225000,2025-03-10 19:59:56+00:00,225.0,3.35,3.25,3.4,2.71,423.4376,26562.0,8338,0.4292049267578125,False,REGULAR,USD,put,2025-03-14,0.9888371275380153,4,0.010958904109589041,2.866184932802213,0.4838150671977872,,,,
AAPL250314P00227500,2025-03-10 19:59:55+00:00,227.5,4.35,4.35,4.4,3.4899998,405.81384,12396.0,7898,0.4133359448242187,True,REGULAR,USD,put,2025-03-14,0.9998242067328822,4,0.010958904109589041,3.8506143829424815,0.49938561705751816,,,,
AAPL250314P00230000,2025-03-10 19:59:39+00:00,230.0,5.75,5.5,5.7,4.5299997,371.31137,24259.0,13100,0.40479110839843746,True,REGULAR,USD,put,2025-03-14,1.010811285927749,4,0.010958904109589041,5.152251831566076,0.5977481684339239,,,,
AAPL250314P00232500,2025-03-10 19:59:14+00:00,232.5,7.12,7.0,7.2,5.42,318.82358,19810.0,4888,0.39331661376953125,True,REGULAR,USD,put,2025-03-14,1.021798365122616,4,0.010958904109589041,6.683810563155674,0.43618943684432576,,,,
AAPL250314P00235000,2025-03-10 19:59:55+00:00,235.0,8.85,8.75,8.95,6.5000005,276.5958,8747.0,9426,0.3845276391601562,True,REGULAR,USD,put,2025-03-14,1.0327854443174826,4,0.010958904109589041,8.484225132020953,0.3657748679790469,,,,
AAPL250314P00237500,2025-03-10 19:42:58+00:00,237.5,11.16,10.6,11.1,8.01,254.28575,2828.0,7030,0.40405869384765625,True,REGULAR,USD,put,2025-03-14,1.0437725235123496,4,0.010958904109589041,10.660005295112342,0.4999947048876585,,,,
AAPL250314P00240000,2025-03-10 19:59:39+00:00,240.0,13.2,12.8,13.2,8.9,206.97672,4914.0,21267,0.39893179199218753,True,REGULAR,USD,put,2025-03-14,1.0547596027072164,4,0.010958904109589041,12.820131204190488,0.37986879580951083,,,,
AAPL250314P00242500,2025-03-10 18:50:56+00:00,242.5,17.1,14.25,15.45,11.6,210.90909,387.0,2190,0.39893179199218753,True,REGULAR,USD,put,2025-03-14,1.065746681902083,4,0.010958904109589041,15.119466571434003,1.9805334285659981,,,,
AAPL250314P00245000,2025-03-10 19:44:01+00:00,245.0,17.5,17.4,17.85,10.440001,147.87537,992.0,1606,0.4194393994140625,True,REGULAR,USD,put,2025-03-14,1.07673376109695,4,0.010958904109589041,17.541781179409895,-0.04178117940989523,,,,
AAPL250314P00247500,2025-03-10 17:45:39+00:00,247.5,20.17,20.2,20.55,11.22,125.36313,64.0,757,0.5161181201171875,True,REGULAR,USD,put,2025-03-14,1.0877208402918168,4,0.010958904109589041,20.174992964076864,-0.0049929640768624495,,,,
AAPL250314P00250000,2025-03-10 19:50:17+00:00,250.0,22.21,22.75,23.0,11.209999,101.90908,232.0,634,0.5131884619140624,True,REGULAR,USD,put,2025-03-14,1.0987079194866838,4,0.010958904109589041,22.547468175009755,-0.3374681750097537,,,,
AAPL250314P00252500,2025-03-10 14:43:33+00:00,252.5,26.8,24.8,25.25,13.4,100.0,54.0,103,0.508793974609375,True,REGULAR,USD,put,2025-03-14,1.1096949986815505,4,0.010958904109589041,24.96092828743113,1.8390717125688703,,,,
AAPL250314P00255000,2025-03-10 16:32:22+00:00,255.0,29.02,26.25,27.75,14.52,100.13793,15.0,111,0.5478560839843751,True,REGULAR,USD,put,2025-03-14,1.1206820778764173,4,0.010958904109589041,27.458593145446372,1.5614068545536277,,,,
AAPL250314P00257500,2025-03-10 15:08:03+00:00,257.5,31.65,28.75,30.25,10.6,50.356297,2.0,1,0.584965087890625,True,REGULAR,USD,put,2025-03-14,1.1316691570712842,4,0.010958904109589041,29.954880620287156,1.6951193797128425,,,,
AAPL250314P00260000,2025-03-10 18:38:40+00:00,260.0,34.95,31.3,32.75,13.950001,66.42857,28.0,14,0.622074091796875,True,REGULAR,USD,put,2025-03-14,1.142656236266151,4,0.010958904109589041,32.45240141230454,2.497598587695464,,,,
AAPL250314P00262500,2025-03-10 14:20:40+00:00,262.5,33.37,33.6,35.25,11.719999,54.133945,1.0,4,0.657229990234375,True,REGULAR,USD,put,2025-03-14,1.153643315461018,4,0.010958904109589041,34.948555592664945,-1.578555592664948,,,,
AAPL250314P00265000,2025-03-10 14:06:02+00:00,265.0,35.93,36.1,37.75,10.280001,40.077976,1.0,2,0.69336244140625,True,REGULAR,USD,put,2025-03-14,1.1646303946558847,4,0.010958904109589041,37.446832500873796,-1.5168325008737966,,,,
AAPL250314P00267500,2025-03-10 14:02:26+00:00,267.5,39.0,38.6,41.2,10.450001,36.60246,4.0,1,1.0192920129394532,True,REGULAR,USD,put,2025-03-14,1.1756174738507517,4,0.010958904109589041,40.578394033368426,-1.5783940333684257,,,,
AAPL250314P00270000,2025-03-06 20:51:20+00:00,270.0,43.67,41.3,42.75,8.169998,23.01408,1.0,0,0.7617211328125001,True,REGULAR,USD,put,2025-03-14,1.1866045530456184,4,0.010958904109589041,42.44134735612869,1.228652643871314,,,,
AAPL250314P00275000,2025-02-24 19:35:51+00:00,275.0,26.8,46.1,47.75,0.0,0.0,1.0,0,0.8281267187499999,True,REGULAR,USD,put,2025-03-14,1.2085787114353521,4,0.010958904109589041,47.43660585867917,-20.63660585867917,,,,
AAPL250314P00280000,2025-03-10 14:45:40+00:00,280.0,52.04,51.25,53.7,11.59,28.652657,3.0,0,1.2231484155273438,True,REGULAR,USD,put,2025-03-14,1.2305528698250858,4,0.010958904109589041,53.043311230147566,-1.0033112301475668,,,,
AAPL250314P00290000,2025-03-04 20:50:00+00:00,290.0,63.15,61.25,63.05,9.450001,17.597767,4.0,0,1.1679729101562502,True,REGULAR,USD,put,2025-03-14,1.274501186604553,4,0.010958904109589041,62.59804231507039,0.5519576849296115,,,,
AAPL250314P00325000,2025-03-04 16:29:54+00:00,325.0,86.5,96.3,98.85,0.0,0.0,,0,1.1757853710937498,True,REGULAR,USD,put,2025-03-14,1.4283202953326888,4,0.010958904109589041,97.31834745376489,-10.818347453764886,,,,
AAPL250321C00005000,2025-03-10 19:28:24+00:00,5.0,222.37,221.25,222.85,-11.450012,-4.8969345,6.0,47,10.468753457031251,True,REGULAR,USD,call,2025-03-21,0.021974158389733673,11,0.030136986301369864,222.83130731950268,-0.46130731950268,,,,
AAPL250321C00010000,2025-03-10 17:39:07+00:00,10.0,215.37,216.3,218.85,-15.680008,-6.7864127,1.0,30,6.8437514453125,True,REGULAR,USD,call,2025-03-21,0.043948316779467346,11,0.030136986301369864,217.6182392637234,-2.2482392637234057,,,,
AAPL250321C00015000,2025-03-07 19:12:10+00:00,15.0,223.85,211.3,213.9,0.0,0.0,1.0,0,6.04687744140625,True,REGULAR,USD,call,2025-03-21,0.06592247516920102,11,0.030136986301369864,212.64239702038552,11.207602979614478,,,,
AAPL250321C00020000,2025-01-30 16:17:52+00:00,20.0,217.42,220.5,222.65,0.0,0.0,8.0,0,17.83008255310059,True,REGULAR,USD,call,2025-03-21,0.08789663355893469,11,0.030136986301369864,220.85188957272166,-3.4318895727216727,,,,
AAPL250321C00025000,2025-02-12 16:26:48+00:00,25.0,210.01,201.2,203.9,0.0,0.0,2.0,2,4.57812927734375,True,REGULAR,USD,call,2025-03-21,0.10987079194866838,11,0.030136986301369864,202.61939009660375,7.390609903396239,,,,
AAPL250321C00030000,2024-12-26 14:49:35+00:00,30.0,229.0,199.9,200.65,0.0,0.0,,0,7.460938173828126,True,REGULAR,USD,call,2025-03-21,0.13184495033840204,11,0.030136986301369864,199.89422599666528,29.105774003334716,,,,
AAPL250321C00035000,2025-03-03 20:36:45+00:00,35.0,201.75,191.3,193.8,0.0,0.0,3.0,4,3.86718783203125,True,REGULAR,USD,call,2025-03-21,0.15381910872813573,11,0.030136986301369864,192.63228105507997,9.117718944920028,,,,
AAPL250321C00040000,2025-03-04 15:54:12+00:00,40.0,199.24,186.35,188.9,0.0,0.0,1.0,2,3.8984377539062502,True,REGULAR,USD,call,2025-03-21,0.17579326711786938,11,0.030136986301369864,187.69299497716105,11.54700502283896,,,,
AAPL250321C00045000,2024-12-27 16:43:30+00:00,45.0,209.4,189.95,192.5,0.0,0.0,2.0,1,8.179204106750488,True,REGULAR,USD,call,2025-03-21,0.19776742550760307,11,0.030136986301369864,190.27418814299844,19.125811857001565,,,,
AAPL250321C00050000,2025-02-03 19:58:38+00:00,50.0,178.95,184.3,184.8,0.0,0.0,6.0,85,7.110352674560547,True,REGULAR,USD,call,2025-03-21,0.21974158389733675,11,0.030136986301369864,183.7260163075655,-4.776016307565499,,,,
AAPL250321C00055000,2025-03-05 15:04:07+00:00,55.0,177.4,171.25,173.95,0.0,0.0,1.0,7,3.1250021875,True,REGULAR,USD,call,2025-03-21,0.2417157422870704,11,0.030136986301369864,172.69529243313318,4.70470756686683,,,,
AAPL250321C00060000,2025-03-10 16:45:12+00:00,60.0,165.3,166.35,168.9,-11.399994,-6.4516096,1.0,18,3.0000025,True,REGULAR,USD,call,2025-03-21,0.2636899006768041,11,0.030136986301369864,167.71888719494416,-2.4188871949441477,,,,
AAPL250321C00065000,2025-03-05 18:07:32+00:00,65.0,170.3,161.35,163.85,0.0,0.0,2.0,26,2.7656280859375,True,REGULAR,USD,call,2025-03-21,0.28566405906653775,11,0.030136986301369864,162.70820585407813,7.591794145921881,,,,
AAPL250321C00070000,2025-03-10 16:45:12+00:00,70.0,155.33,156.4,158.9,-4.0200043,-2.5227513,1.0,74,2.718753203125,True,REGULAR,USD,call,2025-03-21,0.30763821745627146,11,0.030136986301369864,157.75124370310726,-2.421243703107251,,,,
AAPL250321C00075000,2025-03-03 20:36:45+00:00,75.0,161.85,151.4,153.9,0.0,0.0,4.0,24,2.566409833984375,True,REGULAR,USD,call,2025-03-21,0.3296123758460051,11,0.030136986301369864,152.75793320344417,9.092066796555827,,,,
AAPL250321C00080000,2025-02-25 19:10:47+00:00,80.0,168.05,146.4,148.9,0.0,0.0,3.0,37,2.425785185546875,True,REGULAR,USD,call,2025-03-21,0.35158653423573877,11,0.030136986301369864,147.7652829548174,20.284717045182617,,,,
AAPL250321C00085000,2025-02-06 15:09:25+00:00,85.0,148.59,153.95,154.4,0.0,0.0,26.0,193,5.635256862182617,True,REGULAR,USD,call,2025-03-21,0.3735606926254725,11,0.030136986301369864,152.99864899615196,-4.408648996151953,,,,
AAPL250321C00090000,2025-02-05 16:42:37+00:00,90.0,140.5,149.0,149.5,0.0,0.0,5.0,96,5.364993528137205,True,REGULAR,USD,call,2025-03-21,0.39553485101520613,11,0.030136986301369864,148.07739636208248,-7.577396362082482,,,,
AAPL250321C00095000,2025-03-10 16:58:38+00:00,95.0,130.68,132.4,134.05,-10.110001,-7.1809087,1.0,14,2.5419958325195307,True,REGULAR,USD,call,2025-03-21,0.4175090094049398,11,0.030136986301369864,133.23488991092432,-2.5548899109243166,,,,
AAPL250321C00100000,2025-03-10 14:32:40+00:00,100.0,129.1,127.45,128.95,-8.37999,-6.0954247,1.0,474,2.3925821435546872,True,REGULAR,USD,call,2025-03-21,0.4394831677946735,11,0.030136986301369864,128.22298032541033,0.8770196745896612,,,,
AAPL250321C00105000,2025-03-05 15:04:08+00:00,105.0,122.45,122.45,123.95,-5.1500015,-4.0360513,1.0,72,2.263676215820312,True,REGULAR,USD,call,2025-03-21,0.46145732618440716,11,0.030136986301369864,123.23016397008318,-0.78016397008318,,,,
AAPL250321C00110000,2025-03-07 16:40:06+00:00,110.0,114.85,117.45,119.0,-13.480003,-10.504171,3.0,512,2.1533249291992185,True,REGULAR,USD,call,2025-03-21,0.4834314845741408,11,0.030136986301369864,118.25743973698414,-3.407439736984145,,,,
AAPL250321C00115000,2025-03-07 18:11:14+00:00,115.0,125.5,112.45,114.1,0.0,0.0,2.0,50,2.0595751635742188,True,REGULAR,USD,call,2025-03-21,0.5054056429638745,11,0.030136986301369864,113.30691253524296,12.193087464757042,,,,
AAPL250321C00120000,2025-03-10 16:58:38+00:00,120.0,107.5,107.5,109.0,-12.139999,-10.147108,2.0,28,1.93359408203125,True,REGULAR,USD,call,2025-03-21,0.5273798013536082,11,0.030136986301369864,108.29287729161716,-0.7928772916171596,,,,
AAPL250321C00125000,2025-03-04 15:14:00+00:00,125.0,114.4,102.5,104.0,0.0,0.0,1.0,205,1.8251961865234374,True,REGULAR,USD,call,2025-03-21,0.5493539597433419,11,0.030136986301369864,103.30198595181295,11.098014048187054,,,,
AAPL250321C00130000,2025-03-10 19:32:12+00:00,130.0,98.0,96.5,99.05,-9.879997,-9.158322,1.0,537,1.4697292138671876,True,REGULAR,USD,call,2025-03-21,0.5713281181330755,11,0.030136986301369864,97.92949501841437,0.07050498158562846,,,,
AAPL250321C00135000,2025-03-05 14:50:02+00:00,135.0,92.55,92.5,94.2,-5.2699966,-5.3874426,1.0,246,1.65625171875,True,REGULAR,USD,call,2025-03-21,0.5933022765228092,11,0.030136986301369864,93.40040887094202,-0.8504088709420188,,,,
AAPL250321C00140000,2025-03-07 18:16:32+00:00,140.0,101.16,87.55,89.05,0.0,0.0,4.0,525,1.5385765258789061,True,REGULAR,USD,call,2025-03-21,0.6152764349125429,11,0.030136986301369864,88.3663214998542,12.793678500145802,,,,
AAPL250321C00145000,2025-03-10 14:07:28+00:00,145.0,82.16,81.5,84.2,-12.889999,-13.561283,12.0,251,1.2548865380859375,True,REGULAR,USD,call,2025-03-21,0.6372505933022765,11,0.030136986301369864,83.0095135059482,-0.8495135059482095,,,,
AAPL250321C00150000,2025-03-10 17:22:50+00:00,150.0,75.54,76.8,78.7,-14.159996,-15.78595,10.0,1899,1.115238798828125,True,REGULAR,USD,call,2025-03-21,0.6592247516920102,11,0.030136986301369864,77.93855441364468,-2.398554413644675,,,,
AAPL250321C00155000,2025-03-10 15:39:21+00:00,155.0,72.59,72.6,73.75,-11.410004,-13.583338,5.0,2470,1.2197304638671875,True,REGULAR,USD,call,2025-03-21,0.6811989100817439,11,0.030136986301369864,73.28787760526379,-0.6978776052637841,,,,
AAPL250321C00160000,2025-03-10 14:46:53+00:00,160.0,67.85,67.05,68.75,-11.650002,-14.65409,10.0,1785,1.0341845166015626,True,REGULAR,USD,call,2025-03-21,0.7031730684714775,11,0.030136986301369864,68.07153187906266,-0.2215318790626668,,,,
AAPL250321C00165000,2025-03-10 14:03:01+00:00,165.0,62.65,62.65,63.95,-12.159996,-16.254507,30.0,1469,1.0854537915039062,True,REGULAR,USD,call,2025-03-21,0.7251472268612112,11,0.030136986301369864,63.40831168972866,-0.7583116897286644,,,,
AAPL250321C00170000,2025-03-10 14:00:03+00:00,170.0,58.0,57.7,59.0,-12.0,-17.142857,58.0,2133,1.0141650854492186,True,REGULAR,USD,call,2025-03-21,0.747121385250945,11,0.030136986301369864,58.45962553346263,-0.4596255334626278,,,,
AAPL250321C00175000,2025-03-10 14:00:03+00:00,175.0,50.75,52.75,54.05,-13.639999,-21.183414,22.0,1221,0.9423833886718749,True,REGULAR,USD,call,2025-03-21,0.7690955436406786,11,0.030136986301369864,53.51051227679531,-2.7605122767953105,,,,
AAPL250321C00180000,2025-03-10 19:56:02+00:00,180.0,48.0,47.8,48.95,-11.400002,-19.191921,794.0,3700,0.8544936425781251,True,REGULAR,USD,call,2025-03-21,0.7910697020304123,11,0.030136986301369864,48.49791063466421,-0.4979106346642084,,,,
AAPL250321C00185000,2025-03-10 19:53:32+00:00,185.0,43.1,42.9,44.2,-12.09,-21.906143,179.0,7037,0.8071308349609375,True,REGULAR,USD,call,2025-03-21,0.813043860420146,11,0.030136986301369864,43.65680380086144,-0.556803800861438,,,,
AAPL250321C00190000,2025-03-10 19:49:51+00:00,190.0,37.65,37.95,39.4,-11.799999,-23.862484,1199.0,7687,0.7456080126953125,True,REGULAR,USD,call,2025-03-21,0.8350180188098796,11,0.030136986301369864,38.774784404417886,-1.1247844044178876,,,,
AAPL250321C00195000,2025-03-10 19:35:28+00:00,195.0,33.32,33.1,34.25,-11.029999,-24.870348,107.0,5795,0.6626010302734376,True,REGULAR,USD,call,2025-03-21,0.8569921771996133,11,0.030136986301369864,33.786054999312114,-0.4660549993121137,,,,
AAPL250321C00200000,2025-03-10 19:53:20+00:00,200.0,28.7,28.3,29.2,-11.5,-28.606964,777.0,31418,0.5898478515625001,True,REGULAR,USD,call,2025-03-21,0.878966335589347,11,0.030136986301369864,28.862103903407103,-0.1621039034071039,,,,
AAPL250321C00205000,2025-03-10 19:53:20+00:00,205.0,24.05,23.45,24.05,-10.450001,-30.289858,435.0,8596,0.5061084545898438,True,REGULAR,USD,call,2025-03-21,0.9009404939790806,11,0.030136986301369864,23.875063839161186,0.1749361608388149,,,,
AAPL250321C00210000,2025-03-10 19:59:41+00:00,210.0,19.2,19.2,19.6,-11.199999,-36.842102,630.0,19342,0.50586431640625,True,REGULAR,USD,call,2025-03-21,0.9229146523688143,11,0.030136986301369864,19.650184008517073,-0.4501840085170734,,,,
AAPL250321C00215000,2025-03-10 19:54:50+00:00,215.0,14.9,15.05,15.25,-10.15,-40.51896,1165.0,2769,0.4622856506347657,True,REGULAR,USD,call,2025-03-21,0.944888810758548,11,0.030136986301369864,15.266336605941206,-0.3663366059412052,,,,
AAPL250321C00217500,2025-03-10 19:55:00+00:00,217.5,13.3,13.05,13.25,-9.400001,-41.409695,327.0,58,0.44653873779296877,True,REGULAR,USD,call,2025-03-21,0.9558758899534148,11,0.030136986301369864,13.242124262048634,0.0578757379513668,,,,
AAPL250321C00220000,2025-03-10 19:54:50+00:00,220.0,11.1,11.2,11.4,-9.5,-46.116505,1304.0,9567,0.43494217407226565,True,REGULAR,USD,call,2025-03-21,0.9668629691482816,11,0.030136986301369864,11.366086745726193,-0.2660867457261933,,,,
AAPL250321C00222500,2025-03-10 19:54:10+00:00,222.5,9.65,9.45,9.65,-8.6,-47.12329,539.0,176,0.42249112670898437,True,REGULAR,USD,call,2025-03-21,0.9778500483431485,11,0.030136986301369864,9.590893124136528,0.0591068758634723,,,,
AAPL250321C00225000,2025-03-10 19:59:55+00:00,225.0,7.9,7.8,8.0,-8.450001,-51.68196,4999.0,13514,0.40869731933593745,True,REGULAR,USD,call,2025-03-21,0.9888371275380153,11,0.030136986301369864,7.921666459154125,-0.02166645915412424,,,,
AAPL250321C00227500,2025-03-10 19:59:42+00:00,227.5,6.29,6.35,6.55,-7.6099997,-54.7482,2935.0,416,0.3986876538085938,False,REGULAR,USD,call,2025-03-21,0.9998242067328822,11,0.030136986301369864,6.45239506401677,-0.16239506401676973,,,,
AAPL250321C00230000,2025-03-10 19:59:32+00:00,230.0,5.0,5.05,5.2,-6.8999996,-57.98319,7703.0,18057,0.3857483300781249,False,REGULAR,USD,call,2025-03-21,1.010811285927749,11,0.030136986301369864,5.092264454695609,-0.09226445469560929,,,,
AAPL250321C00232500,2025-03-10 19:59:16+00:00,232.5,3.87,3.9,4.05,-6.33,-62.058826,5374.0,617,0.37525038818359374,False,REGULAR,USD,call,2025-03-21,1.021798365122616,11,0.030136986301369864,3.935248914574643,-0.0652489145746431,,,,
AAPL250321C00235000,2025-03-10 19:59:51+00:00,235.0,2.98,2.98,3.1,-5.1699996,-63.435577,11924.0,16996,0.367193828125,False,REGULAR,USD,call,2025-03-21,1.0327854443174826,11,0.030136986301369864,2.9825484554233697,-0.0025484554233696777,,,,
AAPL250321C00237500,2025-03-10 19:58:19+00:00,237.5,2.15,2.21,2.29,-4.5499997,-67.910446,6312.0,1588,0.3580386462402344,False,REGULAR,USD,call,2025-03-21,1.0437725235123496,11,0.030136986301369864,2.178638683062111,-0.02863868306211126,,,,
AAPL250321C00240000,2025-03-10 19:58:40+00:00,240.0,1.6,1.6,1.66,-3.46,-68.37945,14623.0,24880,0.35108070800781244,False,REGULAR,USD,call,2025-03-21,1.0547596027072164,11,0.030136986301369864,1.557825262821595,0.04217473717840514,,,,
AAPL250321C00242500,2025-03-10 19:56:54+00:00,242.5,1.15,1.13,1.18,-2.75,-70.51282,3811.0,3466,0.34570966796874997,False,REGULAR,USD,call,2025-03-21,1.065746681902083,11,0.030136986301369864,1.0901016369314647,0.05989836306853524,,,,
AAPL250321C00245000,2025-03-10 19:59:31+00:00,245.0,0.77,0.79,0.82,-2.09,-73.07692,6325.0,22345,0.34107104248046877,False,REGULAR,USD,call,2025-03-21,1.07673376109695,11,0.030136986301369864,0.7430695165818513,0.026930483418148743,,,,
AAPL250321C00247500,2025-03-10 19:58:01+00:00,247.5,0.55,0.54,0.58,-1.52,-73.429955,2249.0,2437,0.340826904296875,False,REGULAR,USD,call,2025-03-21,1.0877208402918168,11,0.030136986301369864,0.5163890943805711,0.03361090561942892,,,,
AAPL250321C00250000,2025-03-10 19:59:41+00:00,250.0,0.38,0.37,0.39,-1.02,-72.85715,8601.0,49810,0.33789724609375,False,REGULAR,USD,call,2025-03-21,1.0987079194866838,11,0.030136986301369864,0.33915204619361816,0.04084795380638184,,,,
AAPL250321C00252500,2025-03-10 19:58:34+00:00,252.5,0.26,0.24,0.28,-0.68,-72.34042,2405.0,2961,0.3413151806640625,False,REGULAR,USD,call,2025-03-21,1.1096949986815505,11,0.030136986301369864,0.23887291568774316,0.02112708431225685,,,,
AAPL250321C00255000,2025-03-10 19:59:47+00:00,255.0,0.17,0.17,0.2,-0.49,-74.242424,2370.0,29264,0.344733115234375,False,REGULAR,USD,call,2025-03-21,1.1206820778764173,11,0.030136986301369864,0.16713804061855964,0.0028619593814403765,,,,
AAPL250321C00257500,2025-03-10 19:57:50+00:00,257.5,0.13,0.11,0.14,-0.29,-69.04762,273.0,1694,0.34668622070312494,False,REGULAR,USD,call,2025-03-21,1.1316691570712842,11,0.030136986301369864,0.1131504793919893,0.016849520608010704,,,,
AAPL250321C00260000,2025-03-10 19:58:39+00:00,260.0,0.09,0.09,0.1,-0.19,-67.85714,3334.0,42086,0.3505924316406249,False,REGULAR,USD,call,2025-03-21,1.142656236266151,11,0.030136986301369864,0.07894556425461241,0.011054435745387586,,,,
AAPL250321C00262500,2025-03-10 19:30:39+00:00,262.5,0.07,0.06,0.08,-0.089999996,-56.25,854.0,2861,0.36035795898437495,False,REGULAR,USD,call,2025-03-21,1.153643315461018,11,0.030136986301369864,0.06228706187317634,0.007712938126823665,,,,
AAPL250321C00265000,2025-03-10 19:55:08+00:00,265.0,0.04,0.04,0.05,-0.1,-71.42857,379.0,12073,0.35742830078125,False,REGULAR,USD,call,2025-03-21,1.1646303946558847,11,0.030136986301369864,0.037320919155992005,0.002679080844007996,,,,
AAPL250321C00267500,2025-03-10 19:18:36+00:00,267.5,0.04,0.01,0.04,-0.060000002,-60.0,361.0,2513,0.367193828125,False,REGULAR,USD,call,2025-03-21,1.1756174738507517,11,0.030136986301369864,0.02987694128332463,0.010123058716675369,,,,
AAPL250321C00270000,2025-03-10 19:52:03+00:00,270.0,0.03,0.02,0.03,-0.03,-50.0,762.0,32050,0.37305314453125,False,REGULAR,USD,call,2025-03-21,1.1866045530456184,11,0.030136986301369864,0.021951438845416504,0.008048561154583495,,,,
AAPL250321C00275000,2025-03-10 19:40:26+00:00,275.0,0.02,0.01,0.02,-0.030000001,-60.0,470.0,11602,0.39063109375,False,REGULAR,USD,call,2025-03-21,1.2085787114353521,11,0.030136986301369864,0.01408558984054642,0.005914410159453581,,,,
AAPL250321C00280000,2025-03-10 19:12:14+00:00,280.0,0.02,0.01,0.02,-0.01,-33.333336,64.0,10177,0.42188078125,False,REGULAR,USD,call,2025-03-21,1.2305528698250858,11,0.030136986301369864,0.013396960788423007,0.0066030392115769936,,,,
AAPL250321C00285000,2025-03-10 14:40:14+00:00,285.0,0.01,0.0,0.02,-0.02,-66.66667,21.0,2873,0.45313046875,False,REGULAR,USD,call,2025-03-21,1.2525270282148193,11,0.030136986301369864,0.013073953081668588,-0.0030739530816685876,,,,
AAPL250321C00290000,2025-03-10 19:15:37+00:00,290.0,0.01,0.0,0.01,0.0,0.0,267.0,3391,0.45313046875,False,REGULAR,USD,call,2025-03-21,1.274501186604553,11,0.030136986301369864,0.006091778823664518,0.003908221176335483,,,,
AAPL250321C00295000,2025-03-07 19:33:08+00:00,295.0,0.01,0.0,0.01,0.0,0.0,2.0,1084,0.48438015625,False,REGULAR,USD,call,2025-03-21,1.2964753449942867,11,0.030136986301369864,0.006439221434673181,0.003560778565326819,,,,
AAPL250321C00300000,2025-03-07 16:56:00+00:00,300.0,0.01,0.0,0.01,0.0,0.0,35.0,10596,0.51562984375,False,REGULAR,USD,call,2025-03-21,1.3184495033840204,11,0.030136986301369864,0.0068720817292200476,0.0031279182707799526,,,,
AAPL250321C00305000,2025-03-05 19:51:30+00:00,305.0,0.01,0.0,0.01,0.0,0.0,3.0,420,0.51562984375,False,REGULAR,USD,call,2025-03-21,1.3404236617737542,11,0.030136986301369864,0.0035127550926770945,0.006487244907322906,,,,
AAPL250321C00310000,2025-03-07 18:12:21+00:00,310.0,0.01,0.0,0.01,0.0,0.0,1.0,6231,0.5312546875,False,REGULAR,USD,call,2025-03-21,1.3623978201634879,11,0.030136986301369864,0.002687767630581067,0.007312232369418933,,,,
AAPL250321C00315000,2025-03-10 15:08:39+00:00,315.0,0.01,0.0,0.01,0.0,0.0,5.0,373,0.5625043750000001,False,REGULAR,USD,call,2025-03-21,1.3843719785532214,11,0.030136986301369864,0.003115483248536846,0.006884516751463154,,,,
AAPL250321C00320000,2025-03-04 15:20:50+00:00,320.0,0.01,0.0,0.01,0.0,0.0,13.0,3741,0.57812921875,False,REGULAR,USD,call,2025-03-21,1.406346136942955,11,0.030136986301369864,0.0024918670107021423,0.007508132989297858,,,,
AAPL250321C00325000,2025-02-25 16:36:55+00:00,325.0,0.01,0.0,0.01,0.0,0.0,17.0,540,0.6093789062500001,False,REGULAR,USD,call,2025-03-21,1.4283202953326888,11,0.030136986301369864,0.002937320799103499,0.007062679200896501,,,,
AAPL250321C00330000,2025-03-04 15:25:40+00:00,330.0,0.01,0.0,0.01,0.0,0.0,6.0,1958,0.6250037500000001,False,REGULAR,USD,call,2025-03-21,1.4502944537224225,11,0.030136986301369864,0.0024359445317432143,0.007564055468256786,,,,
AAPL250321C00335000,2025-02-18 14:32:06+00:00,335.0,0.02,0.0,0.01,0.0,0.0,5.0,11,0.6562534375000001,False,REGULAR,USD,call,2025-03-21,1.4722686121121562,11,0.030136986301369864,0.002901756356779042,0.017098243643220958,,,,
AAPL250321C00340000,2025-03-04 15:25:57+00:00,340.0,0.01,0.0,0.01,0.0,0.0,52.0,1582,0.6875031250000001,False,REGULAR,USD,call,2025-03-21,1.49424277050189,11,0.030136986301369864,0.0034334470511751813,0.006566552948824819,,,,
AAPL250321C00350000,2025-03-10 18:34:52+00:00,350.0,0.01,0.0,0.01,0.0,0.0,100.0,4613,0.7187528125,False,REGULAR,USD,call,2025-03-21,1.5381910872813571,11,0.030136986301369864,0.002601934647957535,0.007398065352042465,,,,
AAPL250321C00360000,2025-03-04 14:36:23+00:00,360.0,0.01,0.0,0.01,0.0,0.0,10.0,2718,0.7656273437500001,False,REGULAR,USD,call,2025-03-21,1.5821394040608245,11,0.030136986301369864,0.0027956650420421225,0.007204334957957878,,,,
AAPL250321C00370000,2025-03-06 18:28:51+00:00,370.0,0.01,0.0,0.01,0.0,0.0,12.0,2502,0.8125018749999999,False,REGULAR,USD,call,2025-03-21,1.626087720840292,11,0.030136986301369864,0.0030581285263137914,0.006941871473686209,,,,
AAPL250321C00380000,2025-03-05 14:30:07+00:00,380.0,0.01,0.0,0.01,0.0,0.0,1.0,25562,0.8437515624999999,False,REGULAR,USD,call,2025-03-21,1.6700360376197592,11,0.030136986301369864,0.002592441775212437,0.007407558224787563,,,,
AAPL250321P00005000,2025-02-13 15:44:31+00:00,5.0,0.01,0.0,0.01,0.0,0.0,1.0,5235,6.500001875000001,False,REGULAR,USD,put,2025-03-21,0.021974158389733673,11,0.030136986301369864,0.0030387910734786874,0.006961208926521313,,,,
AAPL250321P00010000,2025-03-10 17:39:07+00:00,10.0,0.01,0.0,0.01,0.0,0.0,1.0,2,5.250003437499999,False,REGULAR,USD,put,2025-03-21,0.043948316779467346,11,0.030136986301369864,0.003054466453402937,0.006945533546597063,,,,
AAPL250321P00015000,2024-12-16 05:01:58+00:00,15.0,0.01,0.0,0.03,0.0,0.0,2.0,12,4.906253867187499,False,REGULAR,USD,put,2025-03-21,0.06592247516920102,11,0.030136986301369864,0.00869128253821179,0.001308717461788211,,,,
AAPL250321P00020000,2024-12-16 05:01:59+00:00,20.0,0.01,0.0,0.0,0.0,0.0,15.0,579,0.500005,False,REGULAR,USD,put,2025-03-21,0.08789663355893469,11,0.030136986301369864,7.474976461007858e-174,0.01,,,,
AAPL250321P00025000,2024-12-16 05:01:59+00:00,25.0,0.01,0.0,0.0,0.0,0.0,5.0,19,0.500005,False,REGULAR,USD,put,2025-03-21,0.10987079194866838,11,0.030136986301369864,7.305334753653883e-144,0.01,,,,
AAPL250321P00030000,2024-12-16 05:01:59+00:00,30.0,0.01,0.0,0.02,0.0,0.0,5.0,6,3.50000125,False,REGULAR,USD,put,2025-03-21,0.13184495033840204,11,0.030136986301369864,0.005325344214442234,0.004674655785557766,,,,
AAPL250321P00035000,2025-01-29 18:45:24+00:00,35.0,0.01,0.0,0.38,0.0,0.0,2.0,211,4.335942080078125,False,REGULAR,USD,put,2025-03-21,0.15381910872813573,11,0.030136986301369864,0.13133902553624088,-0.12133902553624089,,,,
AAPL250321P00040000,2025-02-21 20:54:46+00:00,40.0,0.01,0.0,0.01,0.0,0.0,12332.0,18634,2.8750028125,False,REGULAR,USD,put,2025-03-21,0.17579326711786938,11,0.030136986301369864,0.002862810902368399,0.007137189097631601,,,,
AAPL250321P00045000,2025-01-17 19:58:48+00:00,45.0,0.01,0.0,0.21,0.0,0.0,76.0,703,3.50000125,False,REGULAR,USD,put,2025-03-21,0.19776742550760307,11,0.030136986301369864,0.06917722223328687,-0.05917722223328687,,,,
AAPL250321P00050000,2025-01-17 19:58:44+00:00,50.0,0.01,0.0,0.21,0.0,0.0,185.0,1092,3.281251796875,False,REGULAR,USD,put,2025-03-21,0.21974158389733675,11,0.030136986301369864,0.07026129083974586,-0.06026129083974586,,,,
AAPL250321P00055000,2025-02-19 17:36:58+00:00,55.0,0.01,0.0,0.01,0.0,0.0,1.0,1691,2.3125042187499996,False,REGULAR,USD,put,2025-03-21,0.2417157422870704,11,0.030136986301369864,0.0021923703613118163,0.007807629638688184,,,,
AAPL250321P00060000,2025-01-31 20:34:30+00:00,60.0,0.01,0.0,0.01,0.0,0.0,88.0,1313,2.1875045312499997,False,REGULAR,USD,put,2025-03-21,0.2636899006768041,11,0.030136986301369864,0.0024160714629212106,0.00758392853707879,,,,
AAPL250321P00065000,2025-03-04 15:21:40+00:00,65.0,0.02,0.0,0.02,0.0,0.0,50.0,769,2.1875045312499997,False,REGULAR,USD,put,2025-03-21,0.28566405906653775,11,0.030136986301369864,0.005716866713129147,0.014283133286870853,,,,
AAPL250321P00070000,2025-02-21 20:44:30+00:00,70.0,0.01,0.0,0.02,0.0,0.0,1.0,237,2.0625048437499998,False,REGULAR,USD,put,2025-03-21,0.30763821745627146,11,0.030136986301369864,0.005750151198580931,0.004249848801419069,,,,
AAPL250321P00075000,2025-02-21 20:43:27+00:00,75.0,0.01,0.0,0.02,0.0,0.0,97.0,222,1.9375003125,False,REGULAR,USD,put,2025-03-21,0.3296123758460051,11,0.030136986301369864,0.005442375996732328,0.004557624003267672,,,,
AAPL250321P00080000,2025-03-03 20:58:57+00:00,80.0,0.01,0.0,0.01,0.0,0.0,15.0,288,1.75000125,False,REGULAR,USD,put,2025-03-21,0.35158653423573877,11,0.030136986301369864,0.0029444189496504874,0.007055581050349513,,,,
AAPL250321P00085000,2025-03-04 14:44:24+00:00,85.0,0.02,0.0,0.01,0.0,0.0,10.0,2423,1.625001875,False,REGULAR,USD,put,2025-03-21,0.3735606926254725,11,0.030136986301369864,0.0023152471454740836,0.017684752854525917,,,,
AAPL250321P00090000,2025-03-04 14:44:46+00:00,90.0,0.01,0.0,0.01,0.0,0.0,10.0,595,1.5625021874999998,False,REGULAR,USD,put,2025-03-21,0.39553485101520613,11,0.030136986301369864,0.0030315731549150696,0.006968426845084931,,,,
AAPL250321P00095000,2025-03-04 15:18:21+00:00,95.0,0.02,0.0,0.02,0.0,0.0,30.0,4293,1.5312523437499999,False,REGULAR,USD,put,2025-03-21,0.4175090094049398,11,0.030136986301369864,0.005105418544768897,0.014894581455231103,,,,
AAPL250321P00100000,2025-03-07 19:42:25+00:00,100.0,0.01,0.0,0.01,0.0,0.0,1051.0,12435,1.3750031249999999,False,REGULAR,USD,put,2025-03-21,0.4394831677946735,11,0.030136986301369864,0.0025484746792816537,0.0074515253207183465,,,,
AAPL250321P00105000,2025-03-10 19:58:13+00:00,105.0,0.01,0.01,0.02,0.0,0.0,10.0,1242,1.421877890625,False,REGULAR,USD,put,2025-03-21,0.46145732618440716,11,0.030136986301369864,0.00879659428704474,0.0012034057129552602,,,,
AAPL250321P00110000,2025-03-10 19:06:43+00:00,110.0,0.01,0.0,0.02,-0.01,-50.0,12.0,1090,1.2968785156249998,False,REGULAR,USD,put,2025-03-21,0.4834314845741408,11,0.030136986301369864,0.005767161965684525,0.004232838034315475,,,,
AAPL250321P00115000,2025-03-10 19:59:38+00:00,115.0,0.02,0.0,0.02,0.0,0.0,56.0,5567,1.21875390625,False,REGULAR,USD,put,2025-03-21,0.5054056429638745,11,0.030136986301369864,0.005602734462896317,0.014397265537103684,,,,
AAPL250321P00120000,2025-03-10 19:34:28+00:00,120.0,0.02,0.01,0.03,0.0,0.0,43.0,4418,1.21875390625,False,REGULAR,USD,put,2025-03-21,0.5273798013536082,11,0.030136986301369864,0.011922872030257492,0.008077127969742508,,,,
AAPL250321P00125000,2025-03-10 18:58:44+00:00,125.0,0.03,0.01,0.04,0.02,200.0,546.0,3707,1.171879140625,False,REGULAR,USD,put,2025-03-21,0.5493539597433419,11,0.030136986301369864,0.015487075072718348,0.01451292492728165,,,,
AAPL250321P00130000,2025-03-10 18:34:38+00:00,130.0,0.03,0.02,0.05,0.01,50.0,379.0,5409,1.1328168359375002,False,REGULAR,USD,put,2025-03-21,0.5713281181330755,11,0.030136986301369864,0.021384778029224782,0.008615221970775216,,,,
AAPL250321P00135000,2025-03-10 17:38:16+00:00,135.0,0.05,0.03,0.05,0.020000001,66.66668,1032.0,6264,1.0781296093750001,False,REGULAR,USD,put,2025-03-21,0.5933022765228092,11,0.030136986301369864,0.02514753518854218,0.024852464811457822,,,,
AAPL250321P00140000,2025-03-10 19:08:16+00:00,140.0,0.06,0.03,0.07,0.03,100.0,827.0,4995,1.0312548437500002,False,REGULAR,USD,put,2025-03-21,0.6152764349125429,11,0.030136986301369864,0.03154235364265334,0.028457646357346655,,,,
AAPL250321P00145000,2025-03-10 19:35:11+00:00,145.0,0.07,0.03,0.09,0.030000001,75.0,171.0,6423,0.98437515625,False,REGULAR,USD,put,2025-03-21,0.6372505933022765,11,0.030136986301369864,0.039227887422366714,0.030772112577633293,,,,
AAPL250321P00150000,2025-03-10 19:12:53+00:00,150.0,0.1,0.06,0.1,0.05,100.0,86.0,10763,0.94726615234375,False,REGULAR,USD,put,2025-03-21,0.6592247516920102,11,0.030136986301369864,0.053203454879166,0.046796545120834004,,,,
AAPL250321P00155000,2025-03-10 18:54:40+00:00,155.0,0.11,0.09,0.12,0.05,83.333336,588.0,6005,0.9101571484375,False,REGULAR,USD,put,2025-03-21,0.6811989100817439,11,0.030136986301369864,0.07164962536510999,0.03835037463489001,,,,
AAPL250321P00160000,2025-03-10 19:12:13+00:00,160.0,0.14,0.11,0.14,0.08,133.33333,183.0,5579,0.86132951171875,False,REGULAR,USD,put,2025-03-21,0.7031730684714775,11,0.030136986301369864,0.08615837949698113,0.05384162050301888,,,,
AAPL250321P00165000,2025-03-10 19:07:39+00:00,165.0,0.18,0.14,0.17,0.10000001,125.000015,742.0,13787,0.8183611914062499,False,REGULAR,USD,put,2025-03-21,0.7251472268612112,11,0.030136986301369864,0.10916507958910193,0.07083492041089806,,,,
AAPL250321P00170000,2025-03-10 19:32:55+00:00,170.0,0.2,0.17,0.2,0.1,100.0,286.0,17919,0.770510107421875,False,REGULAR,USD,put,2025-03-21,0.747121385250945,11,0.030136986301369864,0.1320882082090966,0.0679117917909034,,,,
AAPL250321P00175000,2025-03-10 18:32:40+00:00,175.0,0.25,0.21,0.23,0.13,108.33333,823.0,9276,0.7226590234375,False,REGULAR,USD,put,2025-03-21,0.7690955436406786,11,0.030136986301369864,0.1599940667636801,0.09000593323631989,,,,
AAPL250321P00180000,2025-03-10 19:52:36+00:00,180.0,0.27,0.25,0.28,0.120000005,80.0,5873.0,23131,0.6752962158203126,False,REGULAR,USD,put,2025-03-21,0.7910697020304123,11,0.030136986301369864,0.19530775650875665,0.07469224349124337,,,,
AAPL250321P00185000,2025-03-10 19:29:12+00:00,185.0,0.34,0.3,0.34,0.16,88.888885,972.0,7090,0.6279334082031252,False,REGULAR,USD,put,2025-03-21,0.813043860420146,11,0.030136986301369864,0.2397643010005277,0.10023569899947232,,,,
AAPL250321P00190000,2025-03-10 19:42:24+00:00,190.0,0.41,0.38,0.42,0.21,105.0,2226.0,7984,0.5835002587890624,False,REGULAR,USD,put,2025-03-21,0.8350180188098796,11,0.030136986301369864,0.3052373611522796,0.10476263884772036,,,,
AAPL250321P00195000,2025-03-10 19:58:30+00:00,195.0,0.53,0.51,0.54,0.29999995,130.43475,1521.0,11451,0.5434615966796876,False,REGULAR,USD,put,2025-03-21,0.8569921771996133,11,0.030136986301369864,0.409363439864622,0.12063656013537805,,,,
AAPL250321P00200000,2025-03-10 19:59:53+00:00,200.0,0.71,0.7,0.73,0.42999998,153.57141,9978.0,45498,0.5065967309570312,False,REGULAR,USD,put,2025-03-21,0.878966335589347,11,0.030136986301369864,0.5715539237626892,0.13844607623731076,,,,
AAPL250321P00205000,2025-03-10 19:56:06+00:00,205.0,1.02,0.99,1.04,0.66999996,191.42854,2422.0,15008,0.4770560107421875,False,REGULAR,USD,put,2025-03-21,0.9009404939790806,11,0.030136986301369864,0.8557444843727708,0.16425551562722918,,,,
AAPL250321P00210000,2025-03-10 19:59:28+00:00,210.0,1.53,1.48,1.52,1.0799999,239.99995,8762.0,32516,0.44775942871093743,False,REGULAR,USD,put,2025-03-21,0.9229146523688143,11,0.030136986301369864,1.2858034352446914,0.2441965647553086,,,,
AAPL250321P00215000,2025-03-10 19:59:18+00:00,215.0,2.26,2.23,2.29,1.62,253.125,6916.0,14488,0.42383388671875,False,REGULAR,USD,put,2025-03-21,0.944888810758548,11,0.030136986301369864,1.9927227009106119,0.2672772990893879,,,,
AAPL250321P00217500,2025-03-10 19:52:49+00:00,217.5,2.88,2.74,2.82,2.1200001,278.9474,2459.0,1774,0.41358008300781246,False,REGULAR,USD,put,2025-03-21,0.9558758899534148,11,0.030136986301369864,2.4897146293024974,0.39028537069750247,,,,
AAPL250321P00220000,2025-03-10 19:59:37+00:00,220.0,3.44,3.35,3.45,2.51,269.89246,15683.0,33677,0.40296007202148443,False,REGULAR,USD,put,2025-03-21,0.9668629691482816,11,0.030136986301369864,3.087365445794987,0.3526345542050131,,,,
AAPL250321P00222500,2025-03-10 19:59:10+00:00,222.5,4.31,4.1,4.25,3.13,265.25427,3078.0,1842,0.39551385742187506,False,REGULAR,USD,put,2025-03-21,0.9778500483431485,11,0.030136986301369864,3.852386351836799,0.4576136481632007,,,,
AAPL250321P00225000,2025-03-10 19:59:50+00:00,225.0,5.05,4.95,5.15,3.5900002,245.89041,15319.0,24270,0.38587039916992183,False,REGULAR,USD,put,2025-03-21,0.9888371275380153,11,0.030136986301369864,4.7253845851248855,0.32461541487511436,,,,
AAPL250321P00227500,2025-03-10 19:57:43+00:00,227.5,6.05,5.95,6.15,4.25,236.11108,3000.0,1659,0.37317521362304684,True,REGULAR,USD,put,2025-03-21,0.9998242067328822,11,0.030136986301369864,5.702674680190896,0.3473253198091042,,,,
AAPL250321P00230000,2025-03-10 19:59:27+00:00,230.0,7.46,7.15,7.35,5.16,224.34781,10376.0,22866,0.36304347900390627,True,REGULAR,USD,put,2025-03-21,1.010811285927749,11,0.030136986301369864,6.885005187558789,0.5749948124412105,,,,
AAPL250321P00232500,2025-03-10 19:59:55+00:00,232.5,8.6,8.5,8.75,5.7000003,196.55171,1248.0,2831,0.3549869189453124,True,REGULAR,USD,put,2025-03-21,1.021798365122616,11,0.030136986301369864,8.273736985010089,0.3262630149899106,,,,
AAPL250321P00235000,2025-03-10 19:56:49+00:00,235.0,10.44,10.05,10.3,6.7899995,186.02737,19777.0,33159,0.3455875988769531,True,REGULAR,USD,put,2025-03-21,1.0327854443174826,11,0.030136986301369864,9.819011544304004,0.6209884556959953,,,,
AAPL250321P00237500,2025-03-10 19:59:07+00:00,237.5,12.18,11.8,12.05,7.7300005,173.70789,1878.0,11745,0.3386296606445312,True,REGULAR,USD,put,2025-03-21,1.0437725235123496,11,0.030136986301369864,11.570128268445302,0.6098717315546978,,,,
AAPL250321P00240000,2025-03-10 19:59:07+00:00,240.0,14.1,13.6,14.05,8.530001,153.14185,5300.0,15776,0.34009448974609374,True,REGULAR,USD,put,2025-03-21,1.0547596027072164,11,0.030136986301369864,13.570510378564137,0.5294896214358626,,,,
AAPL250321P00242500,2025-03-10 19:05:08+00:00,242.5,16.15,15.65,16.1,9.0,125.87413,294.0,1499,0.33570000244140624,True,REGULAR,USD,put,2025-03-21,1.065746681902083,11,0.030136986301369864,15.628091498751758,0.521908501248241,,,,
AAPL250321P00245000,2025-03-10 19:59:07+00:00,245.0,18.34,17.8,18.25,10.13,123.386116,1717.0,12989,0.33008482421874996,True,REGULAR,USD,put,2025-03-21,1.07673376109695,11,0.030136986301369864,17.788453611919863,0.551546388080137,,,,
AAPL250321P00247500,2025-03-10 19:45:11+00:00,247.5,20.95,19.45,20.55,11.010001,110.7646,54.0,1022,0.3332586206054688,True,REGULAR,USD,put,2025-03-21,1.0877208402918168,11,0.030136986301369864,20.09523902323096,0.8547609767690396,,,,
AAPL250321P00250000,2025-03-10 19:52:24+00:00,250.0,22.52,22.4,23.25,10.120001,81.61291,408.0,10177,0.39258419921875,True,REGULAR,USD,put,2025-03-21,1.0987079194866838,11,0.030136986301369864,22.769122978241683,-0.24912297824168306,,,,
AAPL250321P00252500,2025-03-10 19:56:39+00:00,252.5,24.77,23.95,25.35,11.120001,81.46521,7.0,311,0.35278967529296873,True,REGULAR,USD,put,2025-03-21,1.1096949986815505,11,0.030136986301369864,24.9011401479587,-0.13114014795869977,,,,
AAPL250321P00255000,2025-03-10 19:57:43+00:00,255.0,27.3,27.3,28.35,11.999999,78.431366,20.0,764,0.46631393066406257,True,REGULAR,USD,put,2025-03-21,1.1206820778764173,11,0.030136986301369864,27.843260699776266,-0.5432606997762655,,,,
AAPL250321P00257500,2025-03-10 18:53:54+00:00,257.5,31.87,29.75,31.15,13.370001,72.27028,132.0,285,0.5363815893554689,True,REGULAR,USD,put,2025-03-21,1.1316691570712842,11,0.030136986301369864,30.60598502323728,1.26401497676272,,,,
AAPL250321P00260000,2025-03-10 18:53:54+00:00,260.0,32.4,32.25,33.35,10.950001,51.048954,199.0,763,0.523442265625,True,REGULAR,USD,put,2025-03-21,1.142656236266151,11,0.030136986301369864,32.82760137294056,-0.4276013729405648,,,,
AAPL250321P00262500,2025-03-05 18:56:51+00:00,262.5,36.97,34.75,35.25,10.140001,37.793518,2.0,2,0.424810439453125,True,REGULAR,USD,put,2025-03-21,1.153643315461018,11,0.030136986301369864,34.79331156907244,2.1766884309275554,,,,
AAPL250321P00265000,2025-03-10 18:53:54+00:00,265.0,39.3,36.3,37.75,13.629999,53.096996,11.0,19,0.44727115234375,True,REGULAR,USD,put,2025-03-21,1.1646303946558847,11,0.030136986301369864,37.28782185091296,2.0121781490870347,,,,
AAPL250321P00267500,2025-03-10 13:51:41+00:00,267.5,36.93,38.8,40.25,8.460001,29.715494,1.0,1,0.46973186523437505,True,REGULAR,USD,put,2025-03-21,1.1756174738507517,11,0.030136986301369864,39.78352462849057,-2.853524628490568,,,,
AAPL250321P00270000,2025-03-06 20:01:30+00:00,270.0,44.67,42.25,42.75,9.419998,26.723398,1.0,8,0.49219257812500006,True,REGULAR,USD,put,2025-03-21,1.1866045530456184,11,0.030136986301369864,42.280231483213356,2.3897685167866456,,,,
AAPL250321P00275000,2025-03-06 20:51:31+00:00,275.0,48.25,47.25,47.75,7.8600006,19.460264,1.0,1,0.5346726220703125,True,REGULAR,USD,put,2025-03-21,1.2085787114353521,11,0.030136986301369864,47.270652047680954,0.9793479523190456,,,,
AAPL250321P00280000,2025-03-06 20:49:32+00:00,280.0,44.91,51.4,53.55,0.0,0.0,2.0,2,0.7651390673828126,True,REGULAR,USD,put,2025-03-21,1.2305528698250858,11,0.030136986301369864,52.950999393509534,-8.040999393509537,,,,
AAPL250321P00285000,2025-03-06 20:51:31+00:00,285.0,50.4,57.25,57.75,0.0,0.0,3.0,0,0.6162147753906251,True,REGULAR,USD,put,2025-03-21,1.2525270282148193,11,0.030136986301369864,57.25349612156248,-6.853496121562479,,,,
AAPL250321P00290000,2025-03-06 19:53:31+00:00,290.0,54.45,62.25,62.75,0.0,0.0,1.0,0,0.6552768847656252,True,REGULAR,USD,put,2025-03-21,1.274501186604553,11,0.030136986301369864,62.245298051045694,-7.795298051045691,,,,
AAPL250321P00295000,2025-03-04 15:14:00+00:00,295.0,55.95,66.3,67.75,0.0,0.0,10.0,0,0.69336244140625,True,REGULAR,USD,put,2025-03-21,1.2964753449942867,11,0.030136986301369864,67.23738625577718,-11.287386255777179,,,,
AAPL250321P00300000,2025-03-10 17:02:25+00:00,300.0,74.95,72.25,72.75,10.0,15.39646,1.0,2,0.7304714453125,True,REGULAR,USD,put,2025-03-21,1.3184495033840204,11,0.030136986301369864,72.22959942547456,2.720400574525442,,,,
AAPL250321P00305000,2025-03-06 20:51:34+00:00,305.0,69.85,76.3,77.75,0.0,0.0,1.0,0,0.7666038964843751,True,REGULAR,USD,put,2025-03-21,1.3404236617737542,11,0.030136986301369864,77.22181827676275,-7.3718182767627525,,,,
AAPL250321P00310000,2024-12-27 16:51:23+00:00,310.0,56.25,73.5,74.35,0.0,0.0,1.0,0,1.0000000000000003e-05,True,REGULAR,USD,put,2025-03-21,1.3623978201634879,11,0.030136986301369864,82.03987398545533,-25.78987398545533,,,,
AAPL250321P00315000,2025-03-04 15:14:00+00:00,315.0,75.95,87.25,87.75,0.0,0.0,,0,0.8369156933593749,True,REGULAR,USD,put,2025-03-21,1.3843719785532214,11,0.030136986301369864,87.20743596358804,-11.257435963588037,,,,
AAPL250321P00320000,2025-03-04 15:14:00+00:00,320.0,80.95,92.25,93.55,0.0,0.0,2.0,0,0.937500625,True,REGULAR,USD,put,2025-03-21,1.406346136942955,11,0.030136986301369864,92.31987946133455,-11.369879461334548,,,,
AAPL250321P00325000,2025-02-12 20:50:00+00:00,325.0,88.85,96.3,97.75,0.0,0.0,,0,0.903321279296875,True,REGULAR,USD,put,2025-03-21,1.4283202953326888,11,0.030136986301369864,97.19205891323958,-8.342058913239583,,,,
AAPL250321P00340000,2024-12-16 05:02:00+00:00,340.0,116.26,91.45,92.45,0.0,0.0,8.0,0,1.0000000000000003e-05,True,REGULAR,USD,put,2025-03-21,1.49424277050189,11,0.030136986301369864,111.99921662920909,4.260783370790918,,,,
AAPL250321P00350000,2024-12-31 14:38:19+00:00,350.0,97.8,113.3,114.8,0.0,0.0,5.0,0,1.0000000000000003e-05,True,REGULAR,USD,put,2025-03-21,1.5381910872813571,11,0.030136986301369864,121.985664177127,-24.18566417712701,,,,
AAPL250321P00360000,2025-03-10 17:02:25+00:00,360.0,134.95,131.4,132.75,14.0,11.575031,1.0,0,1.115238798828125,True,REGULAR,USD,put,2025-03-21,1.5821394040608245,11,0.030136986301369864,132.13995230925832,2.810047690741669,,,,
AAPL250321P00370000,2024-12-27 16:51:36+00:00,370.0,116.35,133.45,135.25,0.0,0.0,2.0,0,1.0000000000000003e-05,True,REGULAR,USD,put,2025-03-21,1.626087720840292,11,0.030136986301369864,141.95855927296284,-25.60855927296285,,,,
AAPL250321P00380000,2024-12-16 05:02:00+00:00,380.0,159.55,150.35,152.4,0.0,0.0,1.0,0,1.0000000000000003e-05,True,REGULAR,USD,put,2025-03-21,1.6700360376197592,11,0.030136986301369864,151.9450068208807,7.604993179119305,,,,
AAPL250328C00120000,2025-03-04 19:47:46+00:00,120.0,109.85,106.1,108.15,-8.980003,-7.5570173,23.0,23,1.5000025,True,REGULAR,USD,call,2025-03-28,0.5273798013536082,18,0.049315068493150684,108.36567548824932,1.4843245117506711,,,,
AAPL250328C00140000,2025-03-03 14:36:38+00:00,140.0,103.78,87.55,89.35,0.0,0.0,,1,1.263187277832031,True,REGULAR,USD,call,2025-03-28,0.6152764349125429,18,0.049315068493150684,88.67473696214827,15.105263037851728,,,,
AAPL250328C00145000,2025-03-06 15:44:28+00:00,145.0,93.07,82.6,83.35,0.0,0.0,2.0,11,1.0463914868164066,True,REGULAR,USD,call,2025-03-28,0.6372505933022765,18,0.049315068493150684,83.26960930701082,9.800390692989168,,,,
AAPL250328C00150000,2025-03-05 18:33:55+00:00,150.0,76.66,77.4,78.0,-8.639999,-10.128956,1.0,67,0.85937640625,True,REGULAR,USD,call,2025-03-28,0.6592247516920102,18,0.049315068493150684,78.04641126194659,-1.3864112619465914,,,,
AAPL250328C00160000,2025-03-05 15:00:01+00:00,160.0,73.2,67.75,69.45,0.0,0.0,2.0,2,0.9936524072265626,True,REGULAR,USD,call,2025-03-28,0.7031730684714775,18,0.049315068493150684,68.85417560757105,4.345824392428952,,,,
AAPL250328C00165000,2025-03-07 16:58:35+00:00,165.0,74.5,62.8,65.3,0.0,0.0,1.0,3,0.9973144799804687,True,REGULAR,USD,call,2025-03-28,0.7251472268612112,18,0.049315068493150684,64.27161557786357,10.228384422136429,,,,
AAPL250328C00170000,2025-03-05 15:00:01+00:00,170.0,63.25,57.85,59.6,0.0,0.0,2.0,10,0.8728040063476561,True,REGULAR,USD,call,2025-03-28,0.747121385250945,18,0.049315068493150684,58.990199482022945,4.259800517977055,,,,
AAPL250328C00175000,2025-03-05 19:06:30+00:00,175.0,61.9,52.95,54.7,0.0,0.0,,3,0.8178729150390623,True,REGULAR,USD,call,2025-03-28,0.7690955436406786,18,0.049315068493150684,54.09199389694754,7.808006103052456,,,,
AAPL250328C00180000,2025-03-05 19:06:30+00:00,180.0,50.81,48.0,48.7,-6.09,-10.702988,1.0,49,0.6748079394531252,True,REGULAR,USD,call,2025-03-28,0.7910697020304123,18,0.049315068493150684,48.677552402978876,2.1324475970211267,,,,
AAPL250328C00185000,2025-03-07 17:04:54+00:00,185.0,55.05,41.75,45.35,0.0,0.0,12.0,17,0.6413610083007812,True,REGULAR,USD,call,2025-03-28,0.813043860420146,18,0.049315068493150684,43.86668788461125,11.183312115388745,,,,
AAPL250328C00190000,2025-03-10 16:21:17+00:00,190.0,36.2,38.3,38.95,-9.200001,-20.264318,43.0,17,0.5861857788085938,True,REGULAR,USD,call,2025-03-28,0.8350180188098796,18,0.049315068493150684,38.946431991664696,-2.746431991664693,,,,
AAPL250328C00195000,2025-03-05 15:00:01+00:00,195.0,32.48,33.5,34.15,-6.2700005,-16.180647,1.0,10,0.543949873046875,True,REGULAR,USD,call,2025-03-28,0.8569921771996133,18,0.049315068493150684,34.13791451481458,-1.6579145148145855,,,,
AAPL250328C00200000,2025-03-10 19:26:37+00:00,200.0,28.6,28.8,29.5,-11.33,-28.374655,89.0,28,0.5090381127929688,True,REGULAR,USD,call,2025-03-28,0.878966335589347,18,0.049315068493150684,29.44526599407868,-0.8452659940786802,,,,
AAPL250328C00205000,2025-03-10 18:11:37+00:00,205.0,24.65,24.25,24.85,-10.550001,-29.971594,95.0,119,0.4963429272460938,True,REGULAR,USD,call,2025-03-28,0.9009404939790806,18,0.049315068493150684,25.10305852565716,-0.45305852565716265,,,,
AAPL250328C00210000,2025-03-10 19:44:44+00:00,210.0,19.75,19.95,20.7,-10.299999,-34.276203,35.0,60,0.47827670166015623,True,REGULAR,USD,call,2025-03-28,0.9229146523688143,18,0.049315068493150684,20.909885012905733,-1.1598850129057325,,,,
AAPL250328C00215000,2025-03-10 15:57:41+00:00,215.0,16.0,16.15,16.55,-9.1,-36.254982,27.0,187,0.445318046875,True,REGULAR,USD,call,2025-03-28,0.944888810758548,18,0.049315068493150684,16.725436879998256,-0.7254368799982558,,,,
AAPL250328C00220000,2025-03-10 19:50:00+00:00,220.0,12.46,12.1,12.8,-8.79,-41.364704,5178.0,256,0.41968353759765625,True,REGULAR,USD,call,2025-03-28,0.9668629691482816,18,0.049315068493150684,12.930684449177136,-0.4706844491771349,,,,
AAPL250328C00225000,2025-03-10 19:53:03+00:00,225.0,9.4,8.85,9.5,-7.550001,-44.542778,553.0,340,0.3983214465332031,True,REGULAR,USD,call,2025-03-28,0.9888371275380153,18,0.049315068493150684,9.584581113504058,-0.18458111350405737,,,,
AAPL250328C00230000,2025-03-10 19:58:50+00:00,230.0,6.35,6.35,6.5,-6.65,-51.153847,2595.0,464,0.36963520996093746,False,REGULAR,USD,call,2025-03-28,1.010811285927749,18,0.049315068493150684,6.546407183467139,-0.19640718346713903,,,,
AAPL250328C00235000,2025-03-10 19:58:04+00:00,235.0,4.2,4.0,4.15,-5.1000004,-54.83871,1616.0,1072,0.34705242797851554,False,REGULAR,USD,call,2025-03-28,1.0327854443174826,18,0.049315068493150684,4.163807721471926,0.03619227852807416,,,,
AAPL250328C00240000,2025-03-10 19:57:30+00:00,240.0,2.53,2.46,2.54,-3.8700001,-60.46875,4001.0,3087,0.33460138061523437,False,REGULAR,USD,call,2025-03-28,1.0547596027072164,18,0.049315068493150684,2.529602079549292,0.00039792045070763393,,,,
AAPL250328C00245000,2025-03-10 19:50:13+00:00,245.0,1.45,1.38,1.46,-2.3999999,-62.33766,2482.0,4911,0.32532412963867186,False,REGULAR,USD,call,2025-03-28,1.07673376109695,18,0.049315068493150684,1.439000126010832,0.010999873989167908,,,,
AAPL250328C00250000,2025-03-10 19:46:33+00:00,250.0,0.77,0.75,0.82,-1.4300001,-65.0,2504.0,6410,0.32166205688476557,False,REGULAR,USD,call,2025-03-28,1.0987079194866838,18,0.049315068493150684,0.7964970212244928,-0.026497021224492823,,,,
AAPL250328C00255000,2025-03-10 19:42:42+00:00,255.0,0.45,0.39,0.48,-0.75000006,-62.500004,2642.0,6224,0.3254461987304687,False,REGULAR,USD,call,2025-03-28,1.1206820778764173,18,0.049315068493150684,0.45850385172044383,-0.008503851720443822,,,,
AAPL250328C00260000,2025-03-10 19:22:33+00:00,260.0,0.23,0.21,0.25,-0.35999995,-61.016945,1833.0,12273,0.3237372314453124,False,REGULAR,USD,call,2025-03-28,1.142656236266151,18,0.049315068493150684,0.23452356980784117,-0.00452356980784116,,,,
AAPL250328C00265000,2025-03-10 17:53:31+00:00,265.0,0.12,0.11,0.16,-0.16,-57.142857,692.0,4775,0.334967587890625,False,REGULAR,USD,call,2025-03-28,1.1646303946558847,18,0.049315068493150684,0.14713456632977806,-0.027134566329778065,,,,
AAPL250328C00270000,2025-03-10 18:52:42+00:00,270.0,0.07,0.06,0.1,-0.059999995,-46.153843,238.0,2162,0.3437565625,False,REGULAR,USD,call,2025-03-28,1.1866045530456184,18,0.049315068493150684,0.08915123264463354,-0.01915123264463353,,,,
AAPL250328C00275000,2025-03-10 15:54:21+00:00,275.0,0.06,0.02,0.06,-0.030000005,-33.333336,91.0,688,0.35156898437499995,False,REGULAR,USD,call,2025-03-28,1.2085787114353521,18,0.049315068493150684,0.05334327968889063,0.006656720311109365,,,,
AAPL250328C00280000,2025-03-10 16:55:46+00:00,280.0,0.03,0.02,0.06,-0.03,-50.0,189.0,886,0.379889013671875,False,REGULAR,USD,call,2025-03-28,1.2305528698250858,18,0.049315068493150684,0.052340164013083834,-0.022340164013083835,,,,
AAPL250328C00285000,2025-03-10 17:55:42+00:00,285.0,0.02,0.02,0.05,-0.030000001,-60.0,17.0,411,0.398443515625,False,REGULAR,USD,call,2025-03-28,1.2525270282148193,18,0.049315068493150684,0.042402803673120104,-0.022402803673120104,,,,
AAPL250328C00290000,2025-03-10 17:12:48+00:00,290.0,0.02,0.0,0.04,-0.01,-33.333336,111.0,246,0.41602146484374997,False,REGULAR,USD,call,2025-03-28,1.274501186604553,18,0.049315068493150684,0.03451321483299119,-0.01451321483299119,,,,
AAPL250328C00295000,2025-03-10 15:33:06+00:00,295.0,0.02,0.0,0.03,0.0,0.0,51.0,28,0.42774009765625004,False,REGULAR,USD,call,2025-03-28,1.2964753449942867,18,0.049315068493150684,0.025186012843063765,-0.005186012843063765,,,,
AAPL250328C00300000,2025-03-07 15:04:01+00:00,300.0,0.03,0.0,0.02,0.0,0.0,3.0,90,0.4335994140625,False,REGULAR,USD,call,2025-03-28,1.3184495033840204,18,0.049315068493150684,0.016243934111948022,0.013756065888051977,,,,
AAPL250328C00305000,2025-03-10 18:00:53+00:00,305.0,0.02,0.0,0.02,0.01,100.0,22.0,20,0.45703667968750006,False,REGULAR,USD,call,2025-03-28,1.3404236617737542,18,0.049315068493150684,0.016301487493299294,0.0036985125067007067,,,,
AAPL250328C00310000,2025-03-05 19:52:47+00:00,310.0,0.02,0.0,0.02,0.0,0.0,5.0,701,0.4804739453125,False,REGULAR,USD,call,2025-03-28,1.3623978201634879,18,0.049315068493150684,0.01654401198777078,0.0034559880122292212,,,,
AAPL250328C00315000,2025-03-10 14:03:46+00:00,315.0,0.01,0.0,0.01,0.0,0.0,8.0,225,0.4687553125,False,REGULAR,USD,call,2025-03-28,1.3843719785532214,18,0.049315068493150684,0.007346496679589587,0.0026535033204104132,,,,
AAPL250328C00320000,2025-03-05 20:06:51+00:00,320.0,0.02,0.0,0.01,0.0,0.0,3.0,6,0.49219257812500006,False,REGULAR,USD,call,2025-03-28,1.406346136942955,18,0.049315068493150684,0.00787827444064143,0.01212172555935857,,,,
AAPL250328C00325000,2025-03-07 17:54:40+00:00,325.0,0.01,0.0,0.01,0.0,0.0,111.0,113,0.51562984375,False,REGULAR,USD,call,2025-03-28,1.4283202953326888,18,0.049315068493150684,0.008483170287475528,0.0015168297125244725,,,,
AAPL250328C00330000,2025-03-10 13:30:00+00:00,330.0,0.01,0.0,0.01,0.0,0.0,1.0,211,0.500005,False,REGULAR,USD,call,2025-03-28,1.4502944537224225,18,0.049315068493150684,0.003469523166133054,0.006530476833866946,,,,
AAPL250328P00100000,2025-03-10 18:15:48+00:00,100.0,0.03,0.0,0.05,0.0,0.0,1.0,75,1.2500037499999999,False,REGULAR,USD,put,2025-03-28,0.4394831677946735,18,0.049315068493150684,0.01763049994075727,0.012369500059242727,,,,
AAPL250328P00110000,2025-03-10 19:02:45+00:00,110.0,0.04,0.02,0.2,0.03,300.0,11.0,850,1.3007847460937496,False,REGULAR,USD,put,2025-03-28,0.4834314845741408,18,0.049315068493150684,0.08420391962270324,-0.04420391962270324,,,,
AAPL250328P00120000,2025-03-10 15:01:02+00:00,120.0,0.05,0.02,0.08,0.010000002,25.000004,38.0,1,1.05859845703125,False,REGULAR,USD,put,2025-03-28,0.5273798013536082,18,0.049315068493150684,0.036914310596028455,0.013085689403971548,,,,
AAPL250328P00130000,2025-03-10 17:42:15+00:00,130.0,0.06,0.04,0.07,0.02,50.0,34.0,4,0.945313046875,False,REGULAR,USD,put,2025-03-28,0.5713281181330755,18,0.049315068493150684,0.04099316805423614,0.019006831945763858,,,,
AAPL250328P00140000,2025-03-10 18:59:59+00:00,140.0,0.12,0.08,0.13,0.06999999,139.99997,100.0,185,0.8945323046874999,False,REGULAR,USD,put,2025-03-28,0.6152764349125429,18,0.049315068493150684,0.0809197930655714,0.039080206934428596,,,,
AAPL250328P00145000,2025-03-10 15:03:55+00:00,145.0,0.14,0.1,0.16,0.08,133.33333,4.0,3,0.858399853515625,False,REGULAR,USD,put,2025-03-28,0.6372505933022765,18,0.049315068493150684,0.10092574824275902,0.039074251757240996,,,,
AAPL250328P00150000,2025-03-10 18:51:28+00:00,150.0,0.17,0.13,0.18,0.1,142.85715,29.0,360,0.8183611914062499,False,REGULAR,USD,put,2025-03-28,0.6592247516920102,18,0.049315068493150684,0.12057820005800246,0.04942179994199755,,,,
AAPL250328P00155000,2025-03-10 17:59:48+00:00,155.0,0.21,0.16,0.22,0.11999999,133.33331,52.0,1033,0.7832052929687501,False,REGULAR,USD,put,2025-03-28,0.6811989100817439,18,0.049315068493150684,0.15013604504450706,0.05986395495549293,,,,
AAPL250328P00160000,2025-03-10 18:10:42+00:00,160.0,0.25,0.2,0.26,0.14,127.27273,1291.0,1561,0.7460962890625,False,REGULAR,USD,put,2025-03-28,0.7031730684714775,18,0.049315068493150684,0.18287634384267504,0.06712365615732496,,,,
AAPL250328P00165000,2025-03-10 19:02:15+00:00,165.0,0.3,0.25,0.29,0.19000001,172.7273,526.0,798,0.7060576269531251,False,REGULAR,USD,put,2025-03-28,0.7251472268612112,18,0.049315068493150684,0.21626024672331567,0.08373975327668431,,,,
AAPL250328P00170000,2025-03-10 17:45:57+00:00,170.0,0.33,0.3,0.42,0.18,119.99999,87.0,263,0.6811555322265627,False,REGULAR,USD,put,2025-03-28,0.747121385250945,18,0.049315068493150684,0.29372345468943273,0.03627654531056729,,,,
AAPL250328P00175000,2025-03-10 19:34:21+00:00,175.0,0.38,0.36,0.41,0.19,100.0,219.0,659,0.6303747900390625,False,REGULAR,USD,put,2025-03-28,0.7690955436406786,18,0.049315068493150684,0.31488798887137914,0.06511201112862086,,,,
AAPL250328P00180000,2025-03-10 19:34:33+00:00,180.0,0.48,0.45,0.48,0.27999997,139.99997,576.0,734,0.5932657861328126,False,REGULAR,USD,put,2025-03-28,0.7910697020304123,18,0.049315068493150684,0.38362055541941764,0.09637944458058234,,,,
AAPL250328P00185000,2025-03-10 19:34:21+00:00,185.0,0.56,0.53,0.58,0.31,124.0,768.0,1183,0.5542036767578126,False,REGULAR,USD,put,2025-03-28,0.813043860420146,18,0.049315068493150684,0.46091361891375904,0.09908638108624102,,,,
AAPL250328P00190000,2025-03-10 19:48:41+00:00,190.0,0.71,0.67,0.82,0.42,144.82759,538.0,470,0.5283250292968751,False,REGULAR,USD,put,2025-03-28,0.8350180188098796,18,0.049315068493150684,0.6274536162739963,0.08254638372600365,,,,
AAPL250328P00195000,2025-03-10 19:42:23+00:00,195.0,0.91,0.86,0.97,0.53000003,139.4737,885.0,948,0.4985401708984375,False,REGULAR,USD,put,2025-03-28,0.8569921771996133,18,0.049315068493150684,0.8272604585843837,0.08273954141561635,,,,
AAPL250328P00200000,2025-03-10 19:52:29+00:00,200.0,1.16,1.15,1.23,0.65999997,132.0,1958.0,1712,0.4646049633789063,False,REGULAR,USD,put,2025-03-28,0.878966335589347,18,0.049315068493150684,1.0612955470480294,0.0987044529519705,,,,
AAPL250328P00205000,2025-03-10 19:29:51+00:00,205.0,1.69,1.59,1.67,1.1000001,186.44073,942.0,1021,0.43897045410156255,False,REGULAR,USD,put,2025-03-28,0.9009404939790806,18,0.049315068493150684,1.4624267474560106,0.2275732525439893,,,,
AAPL250328P00210000,2025-03-10 19:58:29+00:00,210.0,2.3,2.24,2.32,1.52,194.8718,1597.0,11612,0.41663181030273433,False,REGULAR,USD,put,2025-03-28,0.9229146523688143,18,0.049315068493150684,2.0612212607533706,0.23877873924662918,,,,
AAPL250328P00215000,2025-03-10 19:41:06+00:00,215.0,3.28,2.99,3.25,2.25,218.44661,1123.0,1214,0.39685661743164063,False,REGULAR,USD,put,2025-03-28,0.944888810758548,18,0.049315068493150684,2.932298141368051,0.3477018586319489,,,,
AAPL250328P00220000,2025-03-10 19:53:48+00:00,220.0,4.6,4.25,4.65,3.11,208.72484,2956.0,3928,0.3845276391601562,False,REGULAR,USD,put,2025-03-28,0.9668629691482816,18,0.049315068493150684,4.261757293653488,0.3382427063465112,,,,
AAPL250328P00225000,2025-03-10 19:57:21+00:00,225.0,6.02,6.2,6.4,3.68,157.26497,2937.0,2240,0.36804831176757813,False,REGULAR,USD,put,2025-03-28,0.9888371275380153,18,0.049315068493150684,5.947720824119287,0.07227917588071264,,,,
AAPL250328P00230000,2025-03-10 19:47:44+00:00,230.0,8.45,8.0,8.55,5.2999997,168.25397,1612.0,2127,0.3469303588867187,True,REGULAR,USD,put,2025-03-28,1.010811285927749,18,0.049315068493150684,8.03991061900011,0.4100893809998887,,,,
AAPL250328P00235000,2025-03-10 19:47:21+00:00,235.0,11.51,10.0,11.5,6.96,152.96703,1336.0,5390,0.3382634533691406,True,REGULAR,USD,put,2025-03-28,1.0327854443174826,18,0.049315068493150684,10.936630896446815,0.5733691035531852,,,,
AAPL250328P00240000,2025-03-10 19:54:00+00:00,240.0,14.75,13.4,14.65,8.1,121.80453,603.0,5343,0.3094551477050781,True,REGULAR,USD,put,2025-03-28,1.0547596027072164,18,0.049315068493150684,14.055094569961767,0.6949054300382329,,,,
AAPL250328P00245000,2025-03-10 19:09:53+00:00,245.0,18.61,18.2,18.8,9.4800005,103.83352,845.0,4879,0.3112861840820312,True,REGULAR,USD,put,2025-03-28,1.07673376109695,18,0.049315068493150684,18.18072296423074,0.42927703576926035,,,,
AAPL250328P00250000,2025-03-10 19:55:42+00:00,250.0,23.0,22.9,23.4,10.7,86.99187,199.0,1011,0.3280096496582031,True,REGULAR,USD,put,2025-03-28,1.0987079194866838,18,0.049315068493150684,22.76177061694034,0.2382293830596609,,,,
AAPL250328P00255000,2025-03-10 15:35:33+00:00,255.0,28.31,27.3,28.0,11.82,71.67981,184.0,521,0.32569033691406246,True,REGULAR,USD,put,2025-03-28,1.1206820778764173,18,0.049315068493150684,27.354816969220877,0.9551830307791214,,,,
AAPL250328P00260000,2025-03-10 18:00:31+00:00,260.0,34.3,32.15,32.9,13.799999,67.31707,2.0,77,0.3505924316406249,True,REGULAR,USD,put,2025-03-28,1.142656236266151,18,0.049315068493150684,32.24279629690528,2.0572037030947143,,,,
AAPL250328P00265000,2025-03-10 16:21:17+00:00,265.0,40.1,36.05,37.9,10.129999,33.800465,13.0,4,0.38941040283203127,True,REGULAR,USD,put,2025-03-28,1.1646303946558847,18,0.049315068493150684,37.22683967515894,2.8731603248410593,,,,
AAPL250328P00270000,2025-03-10 16:21:17+00:00,270.0,45.1,42.15,42.9,10.049999,28.673323,14.0,4,0.42676354492187507,True,REGULAR,USD,put,2025-03-28,1.1866045530456184,18,0.049315068493150684,42.21168496109263,2.888315038907372,,,,
AAPL250328P00275000,2025-03-07 20:50:00+00:00,275.0,35.95,47.15,48.2,0.0,0.0,1.0,0,0.5185595019531251,True,REGULAR,USD,put,2025-03-28,1.2085787114353521,18,0.049315068493150684,47.47870560107219,-11.52870560107219,,,,
AAPL250328P00280000,2025-02-26 14:43:35+00:00,280.0,37.95,52.15,52.9,0.0,0.0,1.0,0,0.49805189453125004,True,REGULAR,USD,put,2025-03-28,1.2305528698250858,18,0.049315068493150684,52.18450239376955,-14.234502393769546,,,,
AAPL250328P00285000,2025-03-07 20:22:39+00:00,285.0,46.6,57.15,57.9,0.0,0.0,4.0,0,0.532231240234375,True,REGULAR,USD,put,2025-03-28,1.2525270282148193,18,0.049315068493150684,57.17215349038926,-10.572153490389262,,,,
AAPL250328P00290000,2025-03-04 17:52:29+00:00,290.0,53.55,62.15,62.9,0.0,0.0,,0,0.5649457568359376,True,REGULAR,USD,put,2025-03-28,1.274501186604553,18,0.049315068493150684,62.1582542590246,-8.608254259024605,,,,
AAPL250328P00310000,2025-02-26 15:02:57+00:00,310.0,66.25,82.15,82.9,0.0,0.0,,0,0.6884796777343751,True,REGULAR,USD,put,2025-03-28,1.3623978201634879,18,0.049315068493150684,82.1089885586606,-15.858988558660599,,,,
AAPL250328P00325000,2025-02-27 18:06:19+00:00,325.0,84.1,97.15,97.9,0.0,0.0,,0,0.500005,True,REGULAR,USD,put,2025-03-28,1.4283202953326888,18,0.049315068493150684,96.74534276335149,-12.645342763351493,,,,
